Rk,Player,WS,Draft Team,Round,Pick,Draft Year,College,From,To,Age,G,GS,AS,MP,FG,FGA,2P,2PA,3P,3PA,FT,FTA,ORB,DRB,TRB,AST,STL,BLK,TOV,PF,PTS,FG%,2P%,3P%,FT%,TS%,eFG%,Pos,Team
1,Chris Paul,209.4,NOH,1,4,2005,Wake Forest,2005-06,2023-24,20-38,1272,1232,12,43316,7898,16769,6178,12111,1720,4658,4772,5487,759,4923,5682,11894,2614,200,2964,3034,22288,0.471,0.51,0.369,0.87,0.581,0.522,G,"GSW,HOU,LAC,NOH,NOK,OKC,PHO"
2,Kevin Durant,170.2,OKC,1,2,2007,Texas,2007-08,2023-24,19-35,1061,1058,14,38972,9950,19875,7919,14627,2031,5248,6993,7910,717,6737,7454,4645,1124,1196,3364,2033,28924,0.501,0.541,0.387,0.884,0.619,0.552,F-G,"BRK,GSW,OKC,PHO,SEA"
3,James Harden,166.4,OKC,1,3,2009,Arizona State,2009-10,2023-24,20-34,1072,858,10,37222,7643,17315,4703,9233,2940,8082,7659,8900,816,5201,6017,7629,1597,600,3919,2695,25885,0.441,0.509,0.364,0.861,0.61,0.526,G,"BRK,HOU,LAC,OKC,PHI"
4,Dwight Howard,141.7,ORL,1,1,2004,,2004-05,2021-22,19-36,1242,1078,8,39457,7051,12016,7029,11913,22,103,5361,9455,4151,10476,14627,1676,1081,2228,3302,3912,19485,0.587,0.59,0.214,0.567,0.602,0.588,C,"ATL,CHO,HOU,LAL,ORL,PHI,WAS"
5,Stephen Curry,135.2,GSW,1,7,2009,Davidson,2009-10,2023-24,21-35,956,950,10,32723,8084,17098,4337,8293,3747,8805,3753,4125,629,3880,4509,6119,1473,235,2987,2215,23668,0.473,0.523,0.426,0.91,0.626,0.582,G,GSW
6,LaMarcus Aldridge,115.7,CHI,1,2,2006,Texas,2006-07,2021-22,21-36,1076,997,7,36242,8311,16872,8084,16162,227,710,3709,4563,2776,5960,8736,2076,758,1187,1643,2598,20558,0.493,0.5,0.32,0.813,0.544,0.499,F-C,"BRK,POR,SAS"
7,Al Horford,112.7,ATL,1,3,2007,Florida,2007-08,2023-24,21-37,1078,1036,5,34259,5867,11439,5005,9164,862,2275,1571,2066,2090,6484,8574,3501,830,1249,1523,2335,14167,0.513,0.546,0.379,0.76,0.574,0.551,C-F,"ATL,BOS,OKC,PHI"
8,Anthony Davis,112.1,NOH,1,1,2012,Kentucky,2012-13,2023-24,19-30,736,729,9,25409,6630,12679,6290,11534,340,1145,4117,5177,1952,5874,7826,1828,974,1705,1460,1742,17717,0.523,0.545,0.297,0.795,0.592,0.536,F-C,"LAL,NOH,NOP"
9,Damian Lillard,110.8,POR,1,6,2012,Weber State,2012-13,2023-24,22-33,842,842,8,30521,6822,15576,4215,8544,2607,7032,4900,5460,505,3068,3573,5659,804,257,2379,1611,21151,0.438,0.493,0.371,0.897,0.588,0.522,G,"MIL,POR"
10,Russell Westbrook,110.6,OKC,1,4,2008,UCLA,2008-09,2023-24,20-35,1162,1039,9,39081,9055,20659,7782,16473,1273,4186,5828,7512,1872,6435,8307,9468,1849,369,4587,2969,25211,0.438,0.472,0.304,0.776,0.526,0.469,G,"HOU,LAC,LAL,OKC,WAS"
11,DeMar DeRozan,101.4,TOR,1,9,2009,Southern California,2009-10,2023-24,20-34,1110,1098,6,38460,8440,18007,7909,16216,531,1791,6171,7337,785,4125,4910,4527,1108,361,2274,2509,23582,0.469,0.488,0.296,0.841,0.555,0.483,G-F,"CHI,SAS,TOR"
12,Mike Conley,100.5,MEM,1,4,2007,Ohio State,2007-08,2023-24,20-36,1101,1064,1,34841,5597,12736,3794,8081,1803,4655,2891,3512,526,2746,3272,6306,1524,228,2105,2159,15888,0.439,0.469,0.387,0.823,0.556,0.51,G,"MEM,MIN,UTA"
13,Andre Iguodala,100.4,PHI,1,9,2004,Arizona,2004-05,2022-23,21-39,1231,784,1,39507,5028,10870,3947,7592,1081,3278,2831,3994,1118,4929,6047,5147,1765,633,2240,2180,13968,0.463,0.52,0.33,0.709,0.553,0.512,F-G,"DEN,GSW,MIA,PHI"
14,Kevin Love,94.5,MEM,1,5,2008,UCLA,2008-09,2023-24,20-35,929,684,5,27254,5033,11469,3383,6994,1650,4475,3583,4323,2194,7209,9403,2151,562,364,1665,1820,15299,0.439,0.484,0.369,0.829,0.572,0.511,F-C,"CLE,MIA,MIN"
15,Paul George,88.5,IND,1,10,2010,Fresno State,2010-11,2023-24,20-33,867,819,9,29182,6155,13983,3902,8124,2253,5859,3469,4063,726,4739,5465,3191,1464,381,2317,2317,18032,0.44,0.48,0.385,0.854,0.572,0.521,F-G,"IND,LAC,OKC"
16,Kyrie Irving,86.2,CLE,1,1,2011,Duke,2011-12,2023-24,19-31,729,729,8,25075,6340,13368,4608,8964,1732,4404,2787,3146,578,2355,2933,4133,956,314,1832,1669,17199,0.474,0.514,0.393,0.886,0.583,0.539,G,"BOS,BRK,CLE,DAL"
17,Brook Lopez,85.3,NJN,1,10,2008,Stanford,2008-09,2023-24,20-35,1025,985,1,30976,6286,12673,5350,9991,936,2682,2968,3727,2048,4288,6336,1472,583,1912,1667,2697,16476,0.496,0.535,0.349,0.796,0.576,0.533,C,"BRK,LAL,MIL,NJN"
18,Blake Griffin,81.1,LAC,1,1,2009,Oklahoma,2010-11,2022-23,21-33,765,692,6,24384,5419,10988,4881,9349,538,1639,3137,4508,1487,4622,6109,3055,627,359,1732,2058,14513,0.493,0.522,0.328,0.696,0.559,0.518,F-C,"BOS,BRK,DET,LAC"
19,Jonas Valančiūnas,80.3,TOR,1,5,2011,,2012-13,2023-24,20-31,856,827,0,22034,4551,8112,4321,7451,230,661,2104,2668,2364,5732,8096,1137,342,822,1411,2445,11436,0.561,0.58,0.348,0.789,0.616,0.575,C,"MEM,NOP,TOR"
20,Deron Williams,77.3,UTA,1,3,2005,Illinois,2005-06,2016-17,21-32,845,771,3,28865,4874,10964,3696,7668,1178,3296,2878,3502,353,2266,2619,6819,867,206,2402,2132,13804,0.445,0.482,0.357,0.822,0.552,0.498,G,"BRK,CLE,DAL,NJN,UTA"
21,Andre Drummond,75.4,DET,1,9,2012,Connecticut,2012-13,2023-24,19-30,864,640,2,23469,4623,8519,4608,8399,15,120,1739,3606,3656,7015,10671,1073,1094,1130,1567,2505,11000,0.543,0.549,0.125,0.482,0.544,0.544,C,"BRK,CHI,CLE,DET,LAL,PHI"
22,Karl-Anthony Towns,75,MIN,1,1,2015,Kentucky,2015-16,2023-24,20-28,573,573,4,19455,4821,9209,3846,6757,975,2452,2504,2986,1590,4626,6216,1815,452,721,1553,1948,13121,0.524,0.569,0.398,0.839,0.623,0.576,C-F,MIN
23,Luol Deng,74,PHO,1,7,2004,Duke,2004-05,2018-19,19-33,902,828,2,30941,5130,11257,4472,9275,658,1982,2443,3175,1462,4006,5468,2042,880,444,1459,1499,13361,0.456,0.482,0.332,0.769,0.528,0.485,F,"CHI,CLE,LAL,MIA,MIN"
24,Thaddeus Young,71.9,PHI,1,12,2007,Georgia Tech,2007-08,2023-24,19-35,1172,726,0,33012,6143,12202,5621,10609,522,1593,1417,2143,2296,4318,6614,2135,1612,458,1641,2486,14225,0.503,0.53,0.328,0.661,0.541,0.525,F,"BRK,CHI,IND,MIN,PHI,PHO,SAS,TOR"
25,Danilo Gallinari,65.4,NYK,1,6,2008,,2008-09,2023-24,20-35,777,563,0,22410,3537,8266,2081,4441,1456,3825,3077,3511,521,3097,3618,1469,550,268,908,1355,11607,0.428,0.469,0.381,0.876,0.592,0.516,F,"ATL,DEN,DET,LAC,MIL,NYK,OKC,WAS"
26,Marvin Williams,65.1,ATL,1,2,2005,North Carolina,2005-06,2019-20,19-33,1072,828,0,30159,3928,8872,2882,5978,1046,2894,2063,2554,1276,4270,5546,1373,824,577,1021,2155,10965,0.443,0.482,0.361,0.808,0.548,0.502,F,"ATL,CHO,MIL,UTA"
27,JJ Redick,63.7,ORL,1,11,2006,Duke,2006-07,2020-21,22-36,940,488,0,23964,4009,8976,2059,4272,1950,4704,2060,2310,172,1731,1903,1862,420,88,1040,1417,12028,0.447,0.482,0.415,0.892,0.602,0.555,G,"DAL,LAC,MIL,NOP,ORL,PHI"
28,Joel Embiid,63.5,PHI,1,3,2014,Kansas,2016-17,2023-24,22-29,433,433,7,13833,3977,7897,3468,6406,509,1491,3608,4369,972,3860,4832,1573,397,720,1485,1327,12071,0.504,0.541,0.341,0.826,0.615,0.536,C,PHI
29,Gordon Hayward,63.4,UTA,1,9,2010,Butler,2010-11,2023-24,20-33,835,649,1,25654,4425,9725,3314,6723,1111,3002,2726,3317,629,3069,3698,2940,808,321,1597,1420,12687,0.455,0.493,0.37,0.822,0.567,0.512,F-G,"BOS,CHO,OKC,UTA"
30,Joakim Noah,61.9,CHI,1,9,2007,Florida,2007-08,2019-20,22-34,672,512,2,18646,2248,4574,2248,4558,0,16,1385,1979,2141,3917,6058,1907,534,874,1133,1874,5881,0.491,0.493,0,0.7,0.54,0.491,C,"CHI,LAC,MEM,NYK"
31,Rudy Gay,61,HOU,1,8,2006,Connecticut,2006-07,2022-23,20-36,1120,779,0,34561,6670,14771,5484,11342,1186,3429,3116,3898,1447,4836,6283,2280,1231,798,2245,2524,17642,0.452,0.484,0.346,0.799,0.535,0.492,F,"MEM,SAC,SAS,TOR,UTA"
32,Derrick Favors,60.2,NJN,1,3,2010,Georgia Tech,2010-11,2021-22,19-30,790,503,0,19202,3420,6407,3382,6215,38,192,1476,2225,1933,3675,5608,851,577,939,995,1976,8354,0.534,0.544,0.198,0.663,0.566,0.537,F-C,"NJN,NOP,OKC,UTA"
33,Kemba Walker,59.8,CHA,1,9,2011,Connecticut,2011-12,2022-23,21-32,750,697,4,24810,4999,11954,3329,7312,1670,4642,2818,3354,418,2413,2831,3938,923,282,1574,1111,14486,0.418,0.455,0.36,0.84,0.539,0.488,G,"BOS,CHA,CHO,DAL,NYK"
34,Domantas Sabonis,59.8,ORL,1,11,2016,Gonzaga,2016-17,2023-24,20-27,576,436,3,17470,3541,6373,3296,5636,245,737,1737,2391,1482,4426,5908,2739,448,271,1460,1789,9064,0.556,0.585,0.332,0.726,0.61,0.575,C-F,"IND,OKC,SAC"
35,Steven Adams,59.3,OKC,1,12,2013,Pittsburgh,2013-14,2022-23,20-29,706,641,0,18944,2713,4619,2712,4604,1,15,1091,2036,2599,3189,5788,1079,624,675,1029,1748,6518,0.587,0.589,0.067,0.536,0.591,0.587,C,"MEM,NOP,OKC"
36,Bradley Beal,56.1,WAS,1,3,2012,Florida,2012-13,2023-24,19-30,748,714,3,25858,6001,12970,4386,8665,1615,4305,2738,3330,655,2414,3069,3237,824,311,1839,1669,16355,0.463,0.506,0.375,0.822,0.566,0.525,G,"PHO,WAS"
37,Harrison Barnes,56,GSW,1,7,2012,North Carolina,2012-13,2023-24,20-31,911,850,0,28799,4521,9903,3238,6521,1283,3382,2471,3051,917,3515,4432,1603,633,164,1074,1387,12796,0.457,0.497,0.379,0.81,0.569,0.521,F,"DAL,GSW,SAC"
38,Jayson Tatum,55.9,BOS,1,3,2017,Duke,2017-18,2023-24,19-25,513,513,5,17561,4127,8964,2831,5511,1296,3453,2302,2727,464,3206,3670,1812,563,346,1180,1075,11852,0.46,0.514,0.375,0.844,0.583,0.533,F,BOS
39,Klay Thompson,55.2,GSW,1,11,2011,Washington State,2011-12,2023-24,21-33,793,742,5,25844,5794,12782,3313,6772,2481,6010,1462,1704,362,2433,2795,1843,676,413,1336,1624,15531,0.453,0.489,0.413,0.858,0.574,0.55,G-F,GSW
40,Devin Harris,54.9,WAS,1,5,2004,Wisconsin,2004-05,2018-19,21-35,985,448,1,23963,3486,8072,2654,5514,832,2558,2793,3507,290,1861,2151,3869,998,194,1682,2171,10597,0.432,0.481,0.325,0.796,0.551,0.483,G,"ATL,DAL,DEN,NJN,UTA"
41,Jeff Green,54.6,BOS,1,5,2007,Georgetown,2007-08,2023-24,21-37,1185,656,0,32861,5142,11435,3970,7958,1172,3477,2785,3464,992,3832,4824,1764,753,587,1573,2470,14241,0.45,0.499,0.337,0.804,0.549,0.501,F,"BOS,BRK,CLE,DEN,HOU,LAC,MEM,OKC,ORL,SEA,UTA,WAS"
42,Enes Freedom,52.8,UTA,1,3,2011,,2011-12,2021-22,19-29,748,259,0,16101,3426,6254,3380,6095,46,159,1451,1868,2223,3599,5822,638,296,363,1076,1606,8349,0.548,0.555,0.289,0.777,0.59,0.551,C,"BOS,NYK,OKC,POR,UTA"
43,Luka Dončić,51.2,ATL,1,3,2018,,2018-19,2023-24,19-24,400,400,5,13943,3898,8296,2697,4839,1201,3457,2473,3309,387,3085,3472,3317,467,182,1598,902,11470,0.47,0.557,0.347,0.747,0.588,0.542,G-F,DAL
44,Andrew Bogut,50.6,MIL,1,1,2005,Utah,2005-06,2018-19,21-34,706,661,0,19862,2986,5585,2983,5560,3,25,833,1495,1754,4358,6112,1546,442,1091,1204,2186,6808,0.535,0.537,0.12,0.557,0.545,0.535,C,"CLE,DAL,GSW,LAL,MIL"
45,CJ McCollum,50.5,POR,1,10,2013,Lehigh,2013-14,2023-24,22-32,731,634,0,23432,5427,11966,3609,7414,1818,4552,1559,1934,466,2189,2655,2778,658,302,1320,1533,14231,0.454,0.487,0.399,0.806,0.555,0.53,G,"NOP,POR"
46,Greg Monroe,50.4,DET,1,7,2010,Georgetown,2010-11,2021-22,20-31,646,417,0,17670,3371,6556,3370,6539,1,17,1659,2361,1799,3494,5293,1376,680,373,1198,1435,8402,0.514,0.515,0.059,0.703,0.553,0.514,C-F,"BOS,DET,MIL,MIN,PHI,PHO,TOR,UTA,WAS"
47,Bam Adebayo,50.1,MIA,1,14,2017,Kentucky,2017-18,2023-24,20-26,489,385,3,14680,2888,5276,2865,5172,23,104,1714,2270,1081,3194,4275,1707,509,436,1057,1206,7513,0.547,0.554,0.221,0.755,0.599,0.55,C-F,MIA
48,Tristan Thompson,48.9,CLE,1,4,2011,Texas,2011-12,2023-24,20-32,779,478,0,20105,2727,5237,2717,5198,10,39,1289,2159,2477,3817,6294,776,376,515,854,1714,6753,0.521,0.523,0.256,0.597,0.546,0.522,F-C,"BOS,CHI,CLE,IND,SAC"
49,D.J. Augustin,47.7,CHA,1,9,2008,Texas,2008-09,2021-22,21-34,976,334,0,22851,2994,7270,1732,3959,1262,3311,2009,2317,292,1513,1805,3761,567,32,1428,1350,9259,0.412,0.437,0.381,0.867,0.558,0.499,G,"CHA,CHI,DEN,DET,HOU,IND,LAL,MIL,OKC,ORL,TOR"
50,DeMarcus Cousins,46.8,SAC,1,5,2010,Kentucky,2010-11,2021-22,20-31,654,561,4,19509,4562,9924,4136,8636,426,1288,3252,4411,1692,4972,6664,1979,874,742,2149,2421,12802,0.46,0.479,0.331,0.737,0.539,0.481,C-F,"DEN,GSW,HOU,LAC,MIL,NOP,SAC"
51,Emeka Okafor,45.3,CHA,1,2,2004,Connecticut,2004-05,2017-18,22-35,616,603,0,19055,3004,5867,3004,5865,0,2,1362,2325,1954,4013,5967,520,414,1003,984,1696,7370,0.512,0.512,0,0.586,0.535,0.512,C-F,"CHA,NOH,NOP,WAS"
52,Devin Booker,45.1,PHO,1,13,2015,Kentucky,2015-16,2023-24,19-27,598,573,4,20354,5095,10970,3854,7497,1241,3473,3098,3559,348,2065,2413,2993,510,174,1815,1774,14529,0.464,0.514,0.357,0.87,0.579,0.521,G,PHO
53,Derrick Rose,44.6,CHI,1,1,2008,Memphis,2008-09,2023-24,20-35,723,518,3,22054,4921,10798,4331,8932,590,1866,2141,2575,553,1771,2324,3770,536,242,1746,887,12573,0.456,0.485,0.316,0.831,0.527,0.483,G,"CHI,CLE,DET,MEM,MIN,NYK"
54,John Wall,44.5,WAS,1,1,2010,Kentucky,2010-11,2022-23,20-32,647,604,5,22588,4373,10171,3722,8150,651,2021,2691,3468,361,2343,2704,5735,1045,439,2412,1394,12088,0.43,0.457,0.322,0.776,0.517,0.462,G,"HOU,LAC,WAS"
55,Kelly Olynyk,44.4,DAL,1,13,2013,Gonzaga,2013-14,2023-24,22-32,756,261,0,17109,2778,5729,1891,3327,887,2402,1312,1644,913,3005,3918,1847,598,351,1210,2157,7755,0.485,0.568,0.369,0.798,0.601,0.562,C-F,"BOS,DET,HOU,MIA,TOR,UTA"
56,Donovan Mitchell,44.4,DEN,1,13,2017,Louisville,2017-18,2023-24,21-27,468,460,5,16011,4135,9192,2750,5406,1385,3786,1964,2330,378,1624,2002,2176,645,156,1298,1160,11619,0.45,0.509,0.366,0.843,0.569,0.525,G,"CLE,UTA"
57,Myles Turner,44,IND,1,11,2015,Texas,2015-16,2023-24,19-27,570,537,0,16280,2946,5872,2346,4178,600,1694,1419,1840,816,3062,3878,702,386,1268,786,1698,7911,0.502,0.562,0.354,0.771,0.592,0.553,C-F,IND
58,Kentavious Caldwell-Pope,43.9,DET,1,8,2013,Georgia,2013-14,2023-24,20-30,835,693,0,24757,3388,7935,1968,4083,1420,3852,1303,1590,489,2050,2539,1516,958,231,861,1550,9499,0.427,0.482,0.369,0.819,0.55,0.516,G,"DEN,DET,LAL,WAS"
59,Shai Gilgeous-Alexander,43.6,CHA,1,11,2018,Kentucky,2018-19,2023-24,20-25,386,377,2,12693,3083,6216,2632,4922,451,1294,2193,2574,284,1548,1832,1876,535,293,889,880,8810,0.496,0.535,0.349,0.852,0.599,0.532,G,"LAC,OKC"
60,Julius Randle,43.3,LAL,1,7,2014,Kentucky,2014-15,2023-24,20-29,641,561,3,20512,4441,9445,3699,7216,742,2229,2605,3481,1265,4739,6004,2387,439,268,1798,1977,12229,0.47,0.513,0.333,0.748,0.557,0.509,F-C,"LAL,NOP,NYK"
61,Ed Davis,43.3,TOR,1,13,2010,North Carolina,2010-11,2021-22,21-32,722,106,0,13756,1773,3128,1773,3124,0,4,745,1277,1590,3026,4616,539,349,566,532,1749,4291,0.567,0.568,0,0.583,0.581,0.567,F,"BRK,CLE,LAL,MEM,MIN,POR,TOR,UTA"
62,Kristaps Porziņģis,42.7,NYK,1,4,2015,,2015-16,2023-24,20-28,459,458,1,14196,3176,6912,2329,4565,847,2347,1822,2192,800,2804,3604,826,334,846,782,1379,9021,0.459,0.51,0.361,0.831,0.573,0.521,F-C,"BOS,DAL,NYK,WAS"
63,Aaron Gordon,42.6,ORL,1,4,2014,Arizona,2014-15,2023-24,19-28,669,580,0,19629,3432,7140,2745,5010,687,2130,1458,2135,1179,3048,4227,1775,499,431,995,1324,9009,0.481,0.548,0.323,0.683,0.558,0.529,F,"DEN,ORL"
64,Ricky Rubio,42.3,MIN,1,5,2009,,2011-12,2022-23,21-32,698,603,0,20694,2468,6364,1831,4395,637,1969,1997,2370,428,2402,2830,5160,1226,94,1768,1738,7570,0.388,0.417,0.324,0.843,0.511,0.438,G,"CLE,MIN,PHO,UTA"
65,Eric Gordon,41.1,LAC,1,7,2008,Indiana,2008-09,2023-24,20-35,886,652,0,28116,4734,11010,2706,5545,2028,5465,2372,2926,330,1737,2067,2443,750,313,1648,1578,13868,0.43,0.488,0.371,0.811,0.564,0.522,G-F,"HOU,LAC,NOH,NOP,PHO"
66,Raymond Felton,40.2,CHA,1,5,2005,North Carolina,2005-06,2018-19,21-34,971,659,0,28829,4105,9959,3180,7146,925,2813,1718,2175,552,2315,2867,5096,1144,207,2008,1870,10853,0.412,0.445,0.329,0.79,0.497,0.459,G,"CHA,DAL,DEN,LAC,NYK,OKC,POR"
67,Marcus Morris,39.3,HOU,1,14,2011,Kansas,2011-12,2023-24,22-34,832,509,0,22093,3648,8393,2348,4946,1300,3447,1369,1768,701,2989,3690,1235,545,238,942,1758,9965,0.435,0.475,0.377,0.774,0.543,0.512,F,"BOS,CLE,DET,HOU,LAC,NYK,PHI,PHO"
68,Thabo Sefolosha,39.3,PHI,1,13,2006,,2006-07,2019-20,22-35,869,475,0,19062,1916,4265,1403,2796,513,1469,649,887,626,2626,3252,1196,935,366,755,1418,4994,0.449,0.502,0.349,0.732,0.536,0.509,G-F,"ATL,CHI,HOU,OKC,UTA"
69,Channing Frye,38.9,NYK,1,8,2005,Arizona,2005-06,2018-19,22-35,890,445,0,19772,2931,6655,1882,3949,1049,2706,875,1064,767,3235,4002,864,457,540,787,2255,7786,0.44,0.477,0.388,0.822,0.547,0.519,C-F,"CLE,LAL,NYK,ORL,PHO,POR"
70,Jakob Poeltl,38.7,TOR,1,9,2016,Utah,2016-17,2023-24,21-28,538,285,0,11634,1985,3144,1983,3140,2,4,515,958,1415,2191,3606,925,315,686,610,1303,4487,0.631,0.632,0.5,0.538,0.629,0.632,C,"SAS,TOR"
71,Trae Young,37.6,DAL,1,5,2018,Oklahoma,2018-19,2023-24,20-25,407,407,3,13883,3299,7559,2240,4573,1059,2986,2722,3118,263,1188,1451,3868,414,62,1696,696,10379,0.436,0.49,0.355,0.873,0.581,0.506,G,ATL
72,Brandon Roy,37.4,MIN,1,6,2006,Washington,2006-07,2012-13,22-28,326,300,3,11561,2224,4849,1902,3924,322,925,1366,1707,347,1041,1388,1517,335,76,595,630,6136,0.459,0.485,0.348,0.8,0.548,0.492,G,"MIN,POR"
73,Andrew Bynum,37.4,LAL,1,10,2005,,2005-06,2013-14,18-26,418,319,1,10690,1917,3446,1916,3437,1,9,987,1431,1007,2214,3221,490,133,657,644,1028,4822,0.556,0.557,0.111,0.69,0.592,0.556,C,"CLE,IND,LAL"
74,Otto Porter Jr.,36.7,WAS,1,3,2013,Georgetown,2013-14,2023-24,20-30,527,319,0,13400,2088,4376,1404,2652,684,1724,559,701,602,1997,2599,783,586,221,399,919,5419,0.477,0.529,0.397,0.797,0.578,0.555,F,"CHI,GSW,ORL,TOR,WAS"
75,Mikal Bridges,36.3,PHI,1,10,2018,Villanova,2018-19,2023-24,22-27,474,407,0,15478,2467,5135,1654,2967,813,2168,1013,1198,419,1529,1948,1211,575,274,559,905,6760,0.48,0.557,0.375,0.846,0.597,0.56,F-G,"BRK,PHO"
76,Jaylen Brown,35.3,BOS,1,3,2016,California,2016-17,2023-24,20-27,540,433,3,16307,3780,7872,2752,5045,1028,2827,1450,2014,524,2316,2840,1303,539,209,1115,1364,10038,0.48,0.545,0.364,0.72,0.573,0.545,F-G,BOS
77,Deandre Ayton,34.8,PHO,1,1,2018,Arizona,2018-19,2023-24,20-25,358,351,0,11066,2640,4458,2618,4368,22,90,664,872,1095,2666,3761,585,261,341,619,963,5966,0.592,0.599,0.244,0.761,0.616,0.595,C,"PHO,POR"
78,Ben Simmons,33.6,PHI,1,1,2016,Louisiana State,2017-18,2023-24,21-27,332,320,3,10790,1960,3497,1955,3461,5,36,840,1426,594,2005,2599,2469,530,232,1049,952,4765,0.56,0.565,0.139,0.589,0.578,0.561,G-F,"BRK,PHI"
79,Cody Zeller,33.5,CHA,1,4,2013,Indiana,2013-14,2023-24,21-31,552,275,0,11510,1649,3172,1616,3022,33,150,1045,1438,1067,2058,3125,740,332,330,552,1359,4376,0.52,0.535,0.22,0.727,0.575,0.525,C-F,"CHA,CHO,MIA,NOP,POR"
80,Marcus Smart,33.4,BOS,1,6,2014,Oklahoma State,2014-15,2023-24,20-29,601,380,0,18046,2167,5586,1214,2633,953,2953,1143,1472,487,1624,2111,2786,955,219,1144,1558,6430,0.388,0.461,0.323,0.776,0.516,0.473,G,"BOS,MEM"
81,Ben Gordon,33.3,CHI,1,3,2004,Connecticut,2004-05,2014-15,21-31,744,269,0,20366,3931,9092,2760,6171,1171,2921,2051,2394,333,1518,1851,1868,508,114,1551,1720,11084,0.432,0.447,0.401,0.857,0.546,0.497,G,"CHA,CHI,DET,ORL"
82,Bismack Biyombo,32.4,SAC,1,7,2011,,2011-12,2023-24,19-31,839,351,0,16384,1653,3091,1653,3088,0,3,945,1708,1606,3345,4951,551,217,1077,766,1822,4251,0.535,0.535,0,0.553,0.553,0.535,C-F,"CHA,CHO,MEM,OKC,ORL,PHO,TOR"
83,Zach LaVine,32.2,MIN,1,13,2014,UCLA,2014-15,2023-24,19-28,580,491,2,18859,4227,9108,2933,5722,1294,3386,2118,2540,271,2079,2350,2285,513,171,1517,1255,11866,0.464,0.513,0.382,0.834,0.58,0.535,G-F,"CHI,MIN"
84,Jamal Murray,31.9,DEN,1,7,2016,Kentucky,2016-17,2023-24,19-26,469,395,0,14378,3020,6678,2030,4071,990,2607,1157,1334,360,1397,1757,2106,451,164,948,854,8187,0.452,0.499,0.38,0.867,0.563,0.526,G,DEN
85,Patrick Patterson,31.9,HOU,1,14,2010,Kentucky,2010-11,2020-21,21-31,719,104,0,14923,1871,4185,1241,2476,630,1709,410,543,822,1977,2799,736,368,296,450,1116,4782,0.447,0.501,0.369,0.755,0.54,0.522,F,"HOU,LAC,OKC,SAC,TOR"
86,Lauri Markkanen,31,MIN,1,7,2017,Arizona,2017-18,2023-24,20-26,403,377,1,12482,2528,5507,1524,2831,1004,2676,1248,1441,559,2364,2923,587,281,205,559,763,7308,0.459,0.538,0.375,0.866,0.595,0.55,F-C,"CHI,CLE,UTA"
87,Andris Biedriņš,30.7,GSW,1,11,2004,,2004-05,2013-14,18-27,516,311,0,11146,1432,2409,1432,2407,0,2,383,766,1190,2441,3631,467,331,580,479,1626,3247,0.594,0.595,0,0.5,0.591,0.594,C,"GSW,UTA"
88,Ronnie Brewer,30.4,UTA,1,14,2006,Arkansas,2006-07,2013-14,21-28,502,304,0,11539,1554,3169,1464,2814,90,355,742,1099,451,976,1427,828,622,120,390,545,3940,0.49,0.52,0.254,0.675,0.539,0.505,G-F,"CHI,HOU,MEM,NYK,OKC,UTA"
89,Kris Humphries,30.3,UTA,1,14,2004,Minnesota,2004-05,2016-17,19-31,800,203,0,14232,2078,4486,2023,4298,55,188,1139,1626,1387,2927,4314,556,326,454,691,1456,5350,0.463,0.471,0.293,0.7,0.514,0.469,F-C,"ATL,BOS,BRK,DAL,NJN,PHO,TOR,UTA,WAS"
90,Alec Burks,30,UTA,1,12,2011,Colorado,2011-12,2023-24,20-32,742,144,0,16713,2641,6370,1754,4052,887,2318,1821,2260,413,2105,2518,1466,504,152,874,1357,7990,0.415,0.433,0.383,0.806,0.542,0.484,G,"CLE,DET,GSW,NYK,PHI,SAC,UTA"
91,Shaun Livingston,29.9,LAC,1,4,2004,,2004-05,2018-19,19-33,833,191,0,17188,2149,4419,2136,4346,13,73,920,1159,491,1498,1989,2483,586,311,1034,1498,5231,0.486,0.491,0.178,0.794,0.531,0.488,G,"BRK,CHA,CLE,GSW,LAC,MIA,MIL,OKC,WAS"
92,Brandon Jennings,29.9,MIL,1,10,2009,,2009-10,2017-18,20-28,555,429,0,16844,2750,7099,1836,4451,914,2648,1387,1743,329,1330,1659,3151,679,98,1203,996,7801,0.387,0.412,0.345,0.796,0.496,0.452,G,"DET,MIL,NYK,ORL,WAS"
93,De'Aaron Fox,29.6,SAC,1,5,2017,Kentucky,2017-18,2023-24,20-26,469,454,1,15420,3671,7796,2974,5710,697,2086,1901,2582,276,1508,1784,2870,665,196,1275,1219,9940,0.471,0.521,0.334,0.736,0.556,0.516,G,SAC
94,Andrew Wiggins,29.1,CLE,1,1,2014,Kansas,2014-15,2023-24,19-28,706,694,1,24046,4887,10874,3870,8003,1017,2871,2300,3185,908,2248,3156,1597,682,468,1326,1552,13091,0.449,0.484,0.354,0.722,0.533,0.496,F-G,"GSW,MIN"
95,Tyreke Evans,28.4,SAC,1,4,2009,Memphis,2009-10,2018-19,20-29,594,426,0,18242,3510,7978,3010,6430,500,1548,1827,2415,500,2220,2720,2852,734,222,1489,1308,9347,0.44,0.468,0.323,0.757,0.517,0.471,G-F,"IND,MEM,NOP,SAC"
96,Nerlens Noel,28.3,NOH,1,6,2013,Kentucky,2014-15,2022-23,20-28,467,223,0,10281,1375,2518,1372,2503,3,15,585,893,898,1937,2835,501,588,683,593,1192,3338,0.546,0.548,0.2,0.655,0.573,0.547,C-F,"BRK,DAL,DET,NYK,OKC,PHI"
97,Al-Farouq Aminu,27.6,LAC,1,8,2010,Wake Forest,2010-11,2020-21,20-30,711,445,0,17698,1948,4641,1405,3007,543,1634,911,1221,982,3298,4280,879,678,397,863,1302,5350,0.42,0.467,0.332,0.746,0.517,0.478,F,"CHI,DAL,LAC,NOH,NOP,ORL,POR"
98,Markieff Morris,27.4,PHO,1,13,2011,Kansas,2011-12,2023-24,22-34,776,379,0,18295,3088,6945,2438,5050,650,1895,1194,1534,887,2937,3824,1200,592,377,1116,2025,8020,0.445,0.483,0.343,0.778,0.526,0.491,F,"BRK,DAL,DET,LAL,MIA,OKC,PHO,WAS"
99,Brandon Ingram,27.2,LAL,1,2,2016,Duke,2016-17,2023-24,19-26,477,438,1,15721,3373,7208,2729,5431,644,1777,1866,2374,344,2122,2466,2037,342,269,1199,1153,9256,0.468,0.502,0.362,0.786,0.561,0.513,F,"LAL,NOP"
100,Tyrese Haliburton,27.2,SAC,1,12,2020,Iowa State,2020-21,2023-24,20-23,260,221,2,8548,1634,3417,996,1795,638,1622,577,674,168,792,960,2274,385,150,591,348,4483,0.478,0.555,0.393,0.856,0.604,0.572,G,"IND,SAC"
101,Jeremy Lamb,26.8,HOU,1,12,2012,Connecticut,2012-13,2021-22,20-29,573,136,0,11896,2127,4841,1526,3086,601,1755,950,1109,303,1770,2073,904,417,218,466,924,5805,0.439,0.494,0.342,0.857,0.545,0.501,G-F,"CHO,IND,OKC,SAC"
102,Brandan Wright,26.2,CHA,1,8,2007,North Carolina,2007-08,2017-18,20-30,428,62,0,6949,1271,2095,1271,2083,0,12,434,644,586,974,1560,199,198,425,202,574,2976,0.607,0.61,0,0.674,0.626,0.607,F-C,"BOS,DAL,GSW,HOU,MEM,NJN,PHO"
103,Josh Childress,25.7,ATL,1,6,2004,Stanford,2004-05,2013-14,21-30,391,70,0,10432,1343,2571,1244,2270,99,301,763,980,732,1118,1850,609,339,184,439,725,3548,0.522,0.548,0.329,0.779,0.591,0.542,G-F,"ATL,BRK,NOP,PHO"
104,Victor Oladipo,25.6,ORL,1,2,2013,Indiana,2013-14,2022-23,21-30,504,397,2,16247,3118,7152,2304,4803,814,2349,1453,1843,289,1956,2245,1970,805,230,1266,1202,8503,0.436,0.48,0.347,0.788,0.534,0.493,G,"HOU,IND,MIA,OKC,ORL"
105,Terrence Ross,25,TOR,1,8,2012,Washington,2012-13,2022-23,21-31,733,187,0,17956,2940,7032,1611,3359,1329,3673,838,1001,256,1805,2061,936,587,231,700,1230,8047,0.418,0.48,0.362,0.837,0.538,0.513,F-G,"ORL,PHO,TOR"
106,Buddy Hield,24.9,NOH,1,6,2016,Oklahoma,2016-17,2023-24,24-31,632,411,0,18317,3559,8200,1635,3392,1924,4808,778,905,476,2196,2672,1641,545,204,1064,1314,9820,0.434,0.482,0.4,0.86,0.571,0.551,G-F,"IND,NOP,PHI,SAC"
107,Martell Webster,24.7,POR,1,6,2005,,2005-06,2014-15,19-28,580,266,0,13914,1696,4062,906,1995,790,2067,874,1105,352,1459,1811,588,299,160,536,1055,5056,0.418,0.454,0.382,0.791,0.556,0.515,G-F,"MIN,POR,WAS"
108,D'Angelo Russell,24.6,LAL,1,2,2015,Ohio State,2015-16,2023-24,19-27,571,500,1,17265,3659,8513,2196,4552,1463,3961,1355,1710,282,1672,1954,3289,610,184,1538,1086,10136,0.43,0.482,0.369,0.792,0.547,0.516,G,"BRK,GSW,LAL,MIN"
109,Jason Thompson,23.8,SAC,1,12,2008,Rider,2008-09,2015-16,22-29,588,412,0,14819,2112,4255,2106,4213,6,42,980,1492,1264,2616,3880,635,283,414,747,1751,5210,0.496,0.5,0.143,0.657,0.53,0.497,F-C,"GSW,SAC,TOR"
110,Randy Foye,23.5,BOS,1,7,2006,Villanova,2006-07,2016-17,23-33,752,433,0,19279,2704,6750,1600,3733,1104,3017,1217,1429,245,1441,1686,2112,528,220,1106,1584,7729,0.401,0.429,0.366,0.852,0.524,0.482,G,"BRK,DEN,LAC,MIN,OKC,UTA,WAS"
111,Willie Cauley-Stein,23.3,SAC,1,6,2015,Kentucky,2015-16,2021-22,22-28,422,256,0,9276,1552,2853,1546,2821,6,32,565,923,694,1776,2470,598,350,335,384,974,3675,0.544,0.548,0.188,0.612,0.564,0.545,F-C,"DAL,GSW,PHI,SAC"
112,Alex Len,23.2,PHO,1,5,2013,Maryland,2013-14,2023-24,20-30,644,237,0,11374,1748,3428,1638,3089,110,339,928,1363,1148,2381,3529,551,239,594,718,1559,4534,0.51,0.53,0.324,0.681,0.563,0.526,C,"ATL,PHO,SAC,TOR,WAS"
113,Spencer Hawes,22.6,SAC,1,10,2007,Washington,2007-08,2016-17,19-28,684,368,0,15541,2451,5363,2092,4337,359,1026,671,937,991,2902,3893,1271,264,652,971,1709,5932,0.457,0.482,0.35,0.716,0.514,0.49,C-F,"CHO,CLE,LAC,MIL,PHI,SAC"
114,Charlie Villanueva,22.6,TOR,1,7,2005,Connecticut,2005-06,2015-16,21-31,656,163,0,13578,2652,6097,1936,3996,716,2101,788,1021,795,2224,3019,549,329,349,650,1453,6808,0.435,0.484,0.341,0.772,0.52,0.494,F,"DAL,DET,MIL,TOR"
115,Wendell Carter Jr.,22.5,CHI,1,7,2018,Duke,2018-19,2023-24,19-24,315,294,0,8689,1497,2893,1256,2171,241,722,712,979,729,1952,2681,631,195,240,506,909,3947,0.517,0.579,0.334,0.727,0.594,0.559,C,"CHI,ORL"
116,Corey Brewer,22.5,MIN,1,7,2007,Florida,2007-08,2019-20,21-33,819,310,0,18771,2684,6314,2181,4540,503,1774,1226,1720,613,1674,2287,1250,1023,222,950,1768,7097,0.425,0.48,0.284,0.713,0.502,0.465,F-G,"DAL,DEN,HOU,LAL,MIN,OKC,PHI,SAC"
117,Jaren Jackson Jr.,22.4,MEM,1,4,2018,Michigan State,2018-19,2023-24,19-24,333,324,1,9432,2066,4487,1508,2868,558,1619,1187,1493,457,1384,1841,454,322,664,609,1228,5877,0.46,0.526,0.345,0.795,0.571,0.523,F,MEM
118,O.J. Mayo,21.8,MIN,1,3,2008,Southern California,2008-09,2015-16,21-28,547,325,0,16919,2808,6547,1954,4260,854,2287,1104,1346,285,1421,1706,1607,559,141,1130,1239,7574,0.429,0.459,0.373,0.82,0.53,0.494,G,"DAL,MEM,MIL"
119,Zion Williamson,21.7,NOH,1,1,2019,Duke,2019-20,2023-24,19-23,184,184,2,5857,1753,2960,1724,2875,29,85,1007,1449,411,788,1199,761,182,111,518,401,4542,0.592,0.6,0.341,0.695,0.631,0.597,F-C,NOP
120,Doug McDermott,21.1,DEN,1,11,2014,Creighton,2014-15,2023-24,23-32,655,94,0,13230,2198,4662,1258,2369,940,2293,515,639,258,1176,1434,657,142,61,430,956,5851,0.471,0.531,0.41,0.806,0.592,0.572,F,"CHI,DAL,IND,NYK,OKC,SAS"
121,Michael Kidd-Gilchrist,21,CHA,1,2,2012,Kentucky,2012-13,2019-20,19-26,446,356,0,10978,1462,3085,1434,2982,28,103,798,1116,703,1717,2420,515,296,304,400,956,3750,0.474,0.481,0.272,0.715,0.524,0.478,F,"CHA,CHO,DAL"
122,T.J. Warren,20.9,PHO,1,14,2014,NC State,2014-15,2023-24,21-30,385,236,0,10365,2274,4502,2003,3730,271,772,678,869,480,1035,1515,446,353,181,365,867,5497,0.505,0.537,0.351,0.78,0.563,0.535,F,"BRK,IND,MIN,PHO"
123,Dario Šarić,20.9,ORL,1,12,2014,,2016-17,2023-24,22-29,477,226,0,10869,1805,4058,1174,2313,631,1745,816,973,664,1912,2576,917,271,96,706,966,5057,0.445,0.508,0.362,0.839,0.564,0.523,F-C,"GSW,MIN,OKC,PHI,PHO"
124,John Henson,20.7,MIL,1,14,2012,North Carolina,2012-13,2019-20,22-29,445,160,0,8752,1438,2661,1418,2581,20,80,487,857,802,1566,2368,496,211,642,496,998,3383,0.54,0.549,0.25,0.568,0.557,0.544,C-F,"CLE,DET,MIL"
125,Ja Morant,20.5,MEM,1,2,2019,Murray State,2019-20,2023-24,20-24,257,255,2,8282,2103,4455,1776,3428,327,1027,1250,1656,254,989,1243,1903,254,74,852,402,5783,0.472,0.518,0.318,0.755,0.558,0.509,G,MEM
126,Tyler Hansbrough,20.2,IND,1,13,2009,North Carolina,2009-10,2015-16,24-30,428,50,0,7233,947,2156,944,2134,3,22,984,1333,745,1063,1808,181,207,91,319,869,2881,0.439,0.442,0.136,0.738,0.525,0.44,F,"CHO,IND,TOR"
127,Evan Turner,20.2,PHI,1,2,2010,Ohio State,2010-11,2019-20,22-31,705,295,0,18938,2748,6331,2478,5414,270,917,1058,1353,388,2890,3278,2462,532,184,1267,1380,6824,0.434,0.458,0.294,0.782,0.493,0.455,G,"ATL,BOS,IND,PHI,POR"
128,Michael Porter Jr.,20.1,DEN,1,14,2018,Missouri,2019-20,2023-24,21-25,268,214,0,7443,1595,3199,945,1614,650,1585,359,445,336,1333,1669,320,156,163,298,509,4199,0.499,0.586,0.41,0.807,0.618,0.6,F,DEN
129,Luke Kennard,19.7,DET,1,12,2017,Duke,2017-18,2023-24,21-27,395,110,0,9287,1398,3077,608,1276,790,1801,355,404,103,1015,1118,830,199,51,377,556,3941,0.454,0.476,0.439,0.879,0.605,0.583,G,"DET,LAC,MEM"
130,Trey Lyles,19.4,UTA,1,12,2015,Kentucky,2015-16,2023-24,20-28,581,126,0,10622,1615,3644,1050,2018,565,1626,689,925,504,2006,2510,615,219,206,478,832,4484,0.443,0.52,0.347,0.745,0.553,0.521,F,"DEN,DET,SAC,SAS,UTA"
131,Evan Mobley,19.3,CLE,1,3,2021,Southern California,2021-22,2023-24,20-22,198,198,0,6578,1267,2329,1200,2076,67,253,495,727,441,1308,1749,558,161,306,369,499,3096,0.544,0.578,0.265,0.681,0.584,0.558,F-C,CLE
132,Andrea Bargnani,18.9,TOR,1,1,2006,,2006-07,2015-16,21-30,550,377,0,15806,2932,6676,2305,4905,627,1771,1382,1677,530,2011,2541,653,207,470,851,1338,7873,0.439,0.47,0.354,0.824,0.531,0.486,F-C,"BRK,NYK,TOR"
133,Jerryd Bayless,18.6,IND,1,11,2008,Arizona,2008-09,2018-19,20-30,586,99,0,12486,1719,4180,1220,2798,499,1382,972,1188,176,1059,1235,1674,370,73,825,1206,4909,0.411,0.436,0.361,0.818,0.522,0.471,G,"BOS,MEM,MIL,MIN,NOH,PHI,POR,TOR"
134,Gerald Henderson,18.3,CHA,1,12,2009,Duke,2009-10,2016-17,22-29,535,333,0,13854,2249,5111,2000,4349,249,762,1240,1564,314,1402,1716,1009,358,183,639,930,5987,0.44,0.46,0.327,0.793,0.516,0.464,G,"CHA,CHO,PHI,POR"
135,Miles Bridges,18.2,LAC,1,12,2018,Michigan State,2018-19,2023-24,20-25,360,255,0,11041,2024,4310,1433,2605,591,1705,703,865,397,1749,2146,887,278,249,539,697,5342,0.47,0.55,0.347,0.813,0.569,0.538,G-F,CHO
136,Cameron Johnson,17.7,MIN,1,11,2019,North Carolina,2019-20,2023-24,23-27,283,124,0,7220,1157,2588,527,982,630,1606,381,459,213,882,1095,470,229,81,213,474,3325,0.447,0.537,0.392,0.83,0.596,0.569,F,"BRK,PHO"
137,Onyeka Okongwu,17.7,ATL,1,6,2020,Southern California,2020-21,2023-24,20-23,233,36,0,4847,792,1237,765,1152,27,85,361,479,539,859,1398,226,136,260,199,662,1972,0.64,0.664,0.318,0.754,0.681,0.651,F,ATL
138,Anthony Edwards,16.5,MIN,1,1,2020,Georgia,2020-21,2023-24,19-22,302,284,2,10392,2479,5555,1690,3323,789,2232,1173,1480,220,1347,1567,1241,413,182,850,620,6920,0.446,0.509,0.353,0.793,0.558,0.517,G-F,MIN
139,Darius Garland,16.5,CLE,1,5,2019,Vanderbilt,2019-20,2023-24,20-24,307,303,1,10392,2081,4644,1396,2860,685,1784,813,941,147,654,801,2052,356,33,938,560,5660,0.448,0.488,0.384,0.864,0.56,0.522,G,CLE
140,Jaxson Hayes,16.4,ATL,1,8,2019,Texas,2019-20,2023-24,19-23,311,52,0,4929,806,1268,776,1156,30,112,469,663,412,762,1174,201,138,196,220,607,2111,0.636,0.671,0.268,0.707,0.677,0.647,F,"LAL,NOP"
141,Jordan Hill,16.4,NYK,1,8,2009,Arizona,2009-10,2016-17,22-29,409,120,0,7692,1357,2733,1354,2711,3,22,515,737,879,1510,2389,322,150,272,426,875,3232,0.497,0.499,0.136,0.699,0.529,0.497,C-F,"HOU,IND,LAL,MIN,NYK"
142,Frank Kaminsky,15.9,CHA,1,9,2015,Wisconsin,2015-16,2022-23,22-29,413,49,0,8160,1306,3034,878,1808,428,1226,590,791,300,1279,1579,651,174,146,314,609,3630,0.43,0.486,0.349,0.746,0.537,0.501,F-C,"ATL,CHO,HOU,PHO"
143,Scottie Barnes,15.9,TOR,1,4,2021,Florida State,2021-22,2023-24,20-22,211,210,1,7389,1369,2890,1147,2177,222,713,544,712,515,1048,1563,990,238,204,455,480,3504,0.474,0.527,0.311,0.764,0.547,0.512,G-F,TOR
144,Meyers Leonard,15.8,POR,1,11,2012,Illinois,2012-13,2022-23,20-30,456,95,0,7272,972,2016,638,1160,334,856,267,329,333,1438,1771,396,85,127,315,981,2545,0.482,0.55,0.39,0.812,0.589,0.565,C-F,"MIA,MIL,POR"
145,Elfrid Payton,15.8,PHI,1,10,2014,Louisiana,2014-15,2021-22,20-27,500,395,0,13383,2086,4666,1896,4004,190,662,674,1082,523,1484,2007,2868,588,151,1084,1000,5036,0.447,0.474,0.287,0.623,0.49,0.467,G,"NOP,NYK,ORL,PHO"
146,Franz Wagner,15.7,ORL,1,8,2021,Michigan,2021-22,2023-24,20-22,231,231,0,7375,1526,3189,1206,2224,320,965,731,860,226,840,1066,783,221,79,423,515,4103,0.479,0.542,0.332,0.85,0.575,0.529,G-F,ORL
147,Michael Beasley,15.6,MIA,1,2,2008,Kansas State,2008-09,2018-19,20-30,609,238,0,13903,3088,6644,2797,5809,291,835,1101,1450,664,2197,2861,788,345,314,1025,1294,7568,0.465,0.481,0.349,0.759,0.52,0.487,F,"HOU,LAL,MIA,MIL,MIN,NYK,PHO"
148,Austin Rivers,15.2,NOH,1,10,2012,Duke,2012-13,2022-23,20-30,707,184,0,16858,2214,5289,1425,3029,789,2260,779,1193,222,1220,1442,1513,494,112,732,1479,5996,0.419,0.47,0.349,0.653,0.516,0.493,G,"DEN,HOU,LAC,MIN,NOH,NOP,NYK,WAS"
149,Mo Bamba,14.6,ORL,1,6,2018,Texas,2018-19,2023-24,20-25,332,99,0,5702,901,1886,625,1122,276,764,245,360,523,1312,1835,288,123,429,267,693,2323,0.478,0.557,0.361,0.681,0.568,0.551,C,"LAL,ORL,PHI"
150,Derrick Williams,14.1,MIN,1,2,2011,Arizona,2011-12,2017-18,20-26,428,112,0,8864,1329,3064,1078,2226,251,838,900,1267,351,1342,1693,293,199,108,399,532,3809,0.434,0.484,0.3,0.71,0.526,0.475,F,"CLE,LAL,MIA,MIN,NYK,SAC"
151,Jabari Parker,13.8,MIL,1,2,2014,Duke,2014-15,2021-22,19-26,310,190,0,8535,1767,3579,1555,2928,212,651,634,853,449,1254,1703,610,271,118,534,627,4380,0.494,0.531,0.326,0.743,0.554,0.523,F,"ATL,BOS,CHI,MIL,SAC,WAS"
152,Isaac Okoro,13.5,CLE,1,5,2020,Auburn,2020-21,2023-24,20-23,279,216,0,7693,852,1824,589,1067,263,757,404,552,259,541,800,468,231,110,240,647,2371,0.467,0.552,0.347,0.732,0.574,0.539,G-F,CLE
153,Coby White,13.5,CHI,1,7,2019,North Carolina,2019-20,2023-24,19-23,348,152,0,10116,1770,4141,1001,2058,769,2083,587,692,133,1133,1266,1288,223,56,575,741,4896,0.427,0.486,0.369,0.848,0.551,0.52,G,CHI
154,Collin Sexton,13.4,CLE,1,8,2018,Alabama,2018-19,2023-24,20-25,344,274,0,10399,2368,5054,1867,3747,501,1307,1262,1513,297,676,973,1241,270,47,791,776,6499,0.469,0.498,0.383,0.834,0.568,0.518,G,"CLE,UTA"
155,Tyrus Thomas,13,POR,1,4,2006,Louisiana State,2006-07,2014-15,20-28,402,129,0,7932,1147,2620,1139,2586,8,34,791,1080,550,1388,1938,347,328,525,527,989,3093,0.438,0.44,0.235,0.732,0.5,0.439,F,"CHA,CHI,MEM"
156,Trey Burke,12.9,MIN,1,9,2013,Michigan,2013-14,2021-22,21-29,498,130,0,10401,1847,4500,1283,2863,564,1637,534,659,164,714,878,1522,274,52,555,641,4792,0.41,0.448,0.345,0.81,0.5,0.473,G,"DAL,NYK,PHI,UTA,WAS"
157,Jalen Williams,12.9,OKC,1,12,2022,Santa Clara,2022-23,2023-24,21-22,146,133,0,4499,950,1787,774,1341,176,446,335,412,121,498,619,570,183,80,246,366,2411,0.532,0.577,0.395,0.813,0.612,0.581,G,OKC
158,Tyler Herro,12.5,MIA,1,13,2019,Kentucky,2019-20,2023-24,20-24,284,140,0,9038,1889,4296,1156,2392,733,1904,636,729,119,1284,1403,1036,194,53,613,406,5147,0.44,0.483,0.385,0.872,0.557,0.525,G,MIA
159,P.J. Washington,12.5,CHA,1,12,2019,Kentucky,2019-20,2023-24,21-25,333,264,0,10082,1608,3596,1019,1934,589,1662,480,681,391,1449,1840,747,315,322,509,843,4285,0.447,0.527,0.354,0.705,0.55,0.529,F,"CHO,DAL"
160,Malik Monk,12.4,CHA,1,11,2017,Kentucky,2017-18,2023-24,19-25,458,38,0,9889,1909,4413,1110,2161,799,2252,710,841,162,970,1132,1295,256,136,685,706,5327,0.433,0.514,0.355,0.844,0.557,0.523,G,"CHO,LAL,SAC"
161,Obi Toppin,12.3,NYK,1,8,2020,Dayton,2020-21,2023-24,22-25,283,43,0,4693,874,1680,609,926,265,754,228,297,209,704,913,300,112,103,186,368,2241,0.52,0.658,0.351,0.768,0.619,0.599,F,"IND,NYK"
162,Marvin Bagley III,12,SAC,1,2,2018,Duke,2018-19,2023-24,19-24,258,127,0,6209,1347,2599,1225,2187,122,412,527,762,626,1179,1805,242,121,173,319,518,3343,0.518,0.56,0.296,0.692,0.57,0.542,F-C,"DET,SAC,WAS"
163,Cameron Payne,11.7,OKC,1,14,2015,Murray State,2015-16,2023-24,21-29,405,66,0,7266,1221,2893,767,1663,454,1230,307,372,120,727,847,1324,263,82,475,690,3203,0.422,0.461,0.369,0.825,0.524,0.501,G,"CHI,CLE,MIL,OKC,PHI,PHO"
164,Brandon Knight,11.6,DET,1,8,2011,Kentucky,2011-12,2021-22,20-30,451,349,0,13202,2260,5499,1545,3470,715,2029,1066,1321,236,1149,1385,1777,386,75,1090,889,6301,0.411,0.445,0.352,0.807,0.518,0.476,G,"CLE,DAL,DET,HOU,MIL,PHO"
165,LaMelo Ball,11.6,CHA,1,3,2020,,2020-21,2023-24,19-22,184,164,1,5870,1310,3070,784,1664,526,1406,529,634,242,905,1147,1364,286,63,602,570,3675,0.427,0.471,0.374,0.834,0.549,0.512,G,CHO
166,Taurean Prince,11.5,UTA,1,12,2016,Baylor,2016-17,2023-24,22-29,502,271,0,12236,1807,4261,966,2022,841,2239,634,782,228,1576,1804,850,399,209,721,1024,5089,0.424,0.478,0.376,0.811,0.553,0.523,F,"ATL,BRK,CLE,LAL,MIN"
167,Lonzo Ball,11.4,LAL,1,2,2017,UCLA,2017-18,2021-22,20-24,252,239,0,8187,1117,2790,522,1157,595,1633,166,287,262,1185,1447,1563,391,162,637,547,2995,0.4,0.451,0.364,0.578,0.513,0.507,G,"CHI,LAL,NOP"
168,Rui Hachimura,11.3,WAS,1,9,2019,Gonzaga,2019-20,2023-24,21-25,278,166,0,7476,1398,2834,1124,2095,274,739,473,620,263,1080,1343,356,164,75,253,451,3543,0.493,0.537,0.371,0.763,0.57,0.542,F,"LAL,WAS"
169,Brandon Rush,11.2,POR,1,13,2008,Kansas,2008-09,2016-17,23-31,481,163,0,10564,1220,2861,698,1561,522,1300,288,408,187,1226,1413,468,222,262,400,620,3250,0.426,0.447,0.402,0.706,0.534,0.518,G-F,"GSW,IND,MIN,UTA"
170,RJ Barrett,10.9,NYK,1,3,2019,Duke,2019-20,2023-24,19-23,329,328,0,10945,2192,5037,1656,3487,536,1550,1150,1619,297,1487,1784,962,213,90,704,760,6070,0.435,0.475,0.346,0.71,0.528,0.488,G-F,"NYK,TOR"
171,Wesley Johnson,10.7,MIN,1,4,2010,Syracuse,2010-11,2018-19,23-31,609,334,0,13472,1629,4028,1015,2205,614,1823,363,490,337,1587,1924,645,468,402,525,1168,4235,0.404,0.46,0.337,0.741,0.499,0.481,F-G,"LAC,LAL,MIN,NOP,PHO,WAS"
172,Jonathan Isaac,10.6,ORL,1,6,2017,Florida State,2017-18,2023-24,20-26,205,108,0,4550,641,1427,459,894,182,533,253,328,261,784,1045,182,202,280,182,343,1717,0.449,0.513,0.341,0.771,0.546,0.513,F,ORL
173,Ekpe Udoh,10.4,GSW,1,6,2010,Baylor,2010-11,2018-19,23-31,384,56,0,5694,519,1145,519,1141,0,4,315,439,456,644,1100,260,177,429,222,714,1353,0.453,0.455,0,0.718,0.506,0.453,C-F,"GSW,LAC,MIL,UTA"
174,Jonathan Kuminga,10.1,GSW,1,7,2021,,2021-22,2023-24,19-21,211,74,0,4528,953,1819,796,1359,157,460,443,627,216,604,820,352,127,89,291,472,2506,0.524,0.586,0.341,0.707,0.598,0.567,F,GSW
175,Shelden Williams,9.9,ATL,1,5,2006,Duke,2006-07,2011-12,23-28,361,104,0,5586,590,1276,588,1267,2,9,436,589,529,1033,1562,163,179,164,304,733,1618,0.462,0.464,0.222,0.74,0.527,0.463,F,"ATL,BOS,DEN,MIN,NJN,NYK,SAC"
176,Devin Vassell,9.7,SAS,1,11,2020,Florida State,2020-21,2023-24,20-23,239,133,0,6419,1208,2718,750,1476,458,1242,365,451,103,786,889,605,235,99,245,362,3239,0.444,0.508,0.369,0.809,0.555,0.529,G-F,SAS
177,Cole Aldrich,9.6,NOH,1,11,2010,Kansas,2010-11,2017-18,22-29,339,23,0,3389,435,825,435,825,0,0,180,244,334,797,1131,183,137,233,199,509,1050,0.527,0.527,,0.738,0.563,0.527,C,"HOU,LAC,MIN,NYK,OKC,SAC"
178,Keegan Murray,9.5,SAC,1,4,2022,Iowa,2022-23,2023-24,22-23,157,155,0,4970,797,1757,408,745,389,1012,165,205,195,596,791,227,140,101,124,367,2148,0.454,0.548,0.384,0.805,0.581,0.564,F,SAC
179,Noah Vonleh,9.4,CHA,1,9,2014,Indiana,2014-15,2022-23,19-27,362,172,0,5854,651,1417,558,1114,93,303,290,419,488,1302,1790,264,139,144,278,645,1685,0.459,0.501,0.307,0.692,0.526,0.492,F-C,"BOS,BRK,CHI,CHO,DEN,MIN,NYK,POR"
180,Jalen Duren,9.3,CHA,1,13,2022,Memphis,2022-23,2023-24,19-20,128,91,0,3447,607,962,607,956,0,6,239,338,421,883,1304,222,77,106,221,374,1453,0.631,0.635,0,0.707,0.654,0.631,C,DET
181,Zach Collins,9.2,SAC,1,10,2017,Gonzaga,2017-18,2023-24,20-26,314,71,0,6160,994,2076,785,1454,209,622,409,545,459,1080,1539,574,131,226,455,815,2606,0.479,0.54,0.336,0.75,0.563,0.529,C-F,"POR,SAS"
182,Jalen Smith,9.1,PHO,1,10,2020,Maryland,2020-21,2023-24,20-23,207,54,0,3407,674,1303,515,829,159,474,259,350,349,726,1075,157,54,144,165,389,1766,0.517,0.621,0.335,0.74,0.606,0.578,F,"IND,PHO"
183,Deni Avdija,9.1,WAS,1,9,2020,,2020-21,2023-24,20-23,287,155,0,7518,1039,2273,747,1379,292,894,456,619,232,1482,1714,727,216,124,403,724,2826,0.457,0.542,0.327,0.737,0.555,0.521,G-F,WAS
184,Ben McLemore,9,SAC,1,7,2013,Kansas,2013-14,2021-22,20-28,556,267,0,12534,1768,4270,900,1878,868,2392,611,783,222,1047,1269,563,353,106,608,1175,5015,0.414,0.479,0.363,0.78,0.543,0.516,G,"HOU,LAL,MEM,POR,SAC"
185,Chet Holmgren,8.9,OKC,1,2,2022,Gonzaga,2023-24,2023-24,21,82,82,0,2413,505,953,376,604,129,349,218,275,129,519,648,200,53,190,131,197,1357,0.53,0.623,0.37,0.793,0.632,0.598,F-C,OKC
186,Dion Waiters,8.8,CLE,1,4,2012,Syracuse,2012-13,2019-20,21-28,419,211,0,11835,2106,5110,1531,3450,575,1660,718,1034,166,942,1108,1163,391,113,761,813,5505,0.412,0.444,0.346,0.694,0.495,0.468,G,"CLE,LAL,MIA,OKC"
187,Josh Giddey,8.6,OKC,1,6,2021,,2021-22,2023-24,19-21,210,210,0,6078,1222,2635,1008,1945,214,690,262,348,357,1177,1534,1200,159,95,550,342,2920,0.464,0.518,0.31,0.753,0.524,0.504,G,OKC
188,Markelle Fultz,8.5,PHI,1,1,2017,Washington,2017-18,2023-24,19-25,234,164,0,5939,1096,2322,1017,2034,79,288,324,443,212,585,797,1084,276,68,436,452,2595,0.472,0.5,0.274,0.731,0.516,0.489,G,"ORL,PHI"
189,Shabazz Muhammad,8.5,UTA,1,14,2013,UCLA,2013-14,2017-18,21-25,278,16,0,4772,940,1988,817,1602,123,386,501,667,294,476,770,151,81,24,183,283,2504,0.473,0.51,0.319,0.751,0.549,0.504,F-G,"MIL,MIN"
190,Justise Winslow,8.2,MIA,1,10,2015,Duke,2015-16,2022-23,19-26,344,128,0,8906,1121,2718,892,1990,229,728,358,561,364,1396,1760,889,307,137,500,794,2829,0.412,0.448,0.315,0.638,0.477,0.455,F,"LAC,MEM,MIA,POR"
191,Patrick Williams,8,CHI,1,4,2020,Florida State,2020-21,2023-24,19-22,213,175,0,5902,782,1666,539,1074,243,592,263,337,207,682,889,280,185,158,272,388,2070,0.469,0.502,0.41,0.78,0.57,0.542,F,CHI
192,Kris Dunn,7.7,MIN,1,5,2016,Providence,2016-17,2023-24,22-29,333,164,0,7714,1079,2470,893,1895,186,575,298,403,158,946,1104,1407,469,144,560,917,2642,0.437,0.471,0.323,0.739,0.499,0.474,G,"ATL,CHI,MIN,POR,UTA"
193,Paolo Banchero,7.6,ORL,1,1,2022,Duke,2022-23,2023-24,20-21,152,152,1,5229,1119,2529,915,1893,204,636,799,1093,166,885,1051,700,131,86,447,313,3241,0.442,0.483,0.321,0.731,0.538,0.483,F,ORL
194,De'Andre Hunter,7.6,LAL,1,4,2019,Virginia,2019-20,2023-24,22-26,263,237,0,8080,1337,2991,907,1807,430,1184,647,798,164,914,1078,405,174,84,366,741,3751,0.447,0.502,0.363,0.811,0.561,0.519,F,ATL
195,Aaron Nesmith,7.6,BOS,1,14,2020,Vanderbilt,2020-21,2023-24,21-24,243,111,0,5054,717,1585,391,714,326,871,269,333,168,600,768,251,155,97,193,633,2029,0.452,0.548,0.374,0.808,0.586,0.555,G-F,"BOS,IND"
196,Jabari Smith Jr.,7.5,HOU,1,3,2022,Auburn,2022-23,2023-24,19-20,155,155,0,4875,742,1725,484,954,258,771,312,391,261,924,1185,222,95,135,193,427,2054,0.43,0.507,0.335,0.798,0.541,0.505,F,HOU
197,Greg Oden,7.3,POR,1,1,2007,Ohio State,2008-09,2013-14,21-26,105,66,0,2028,317,552,317,552,0,0,206,313,256,400,656,51,40,130,138,374,840,0.574,0.574,,0.658,0.609,0.574,C,"MIA,POR"
198,Jahlil Okafor,7.2,PHI,1,3,2015,Duke,2015-16,2020-21,20-25,247,116,0,4827,1092,2016,1086,1989,6,27,376,556,377,792,1169,225,73,195,347,515,2566,0.542,0.546,0.222,0.676,0.568,0.543,C-F,"BRK,DET,NOP,PHI"
199,Stanley Johnson,6.9,DET,1,8,2015,Arizona,2015-16,2022-23,19-26,449,104,0,8879,1028,2630,688,1516,340,1114,410,548,253,1151,1404,679,383,106,480,871,2806,0.391,0.454,0.305,0.748,0.489,0.456,F,"DET,LAL,NOP,SAS,TOR"
200,Michael Carter-Williams,6.6,PHI,1,11,2013,Syracuse,2013-14,2022-23,22-31,395,217,0,9942,1498,3730,1315,3014,183,716,861,1221,379,1339,1718,1708,498,215,916,964,4040,0.402,0.436,0.256,0.705,0.473,0.426,G,"CHI,CHO,HOU,MIL,ORL,PHI"
201,Thon Maker,6.6,MIL,1,10,2016,,2016-17,2020-21,19-23,263,65,0,3624,425,976,295,579,130,397,236,347,218,508,726,161,96,173,142,460,1216,0.435,0.509,0.327,0.68,0.539,0.502,F-C,"CLE,DET,MIL"
202,Ike Diogu,6.5,GSW,1,9,2005,Arizona State,2005-06,2011-12,22-28,225,18,0,2795,488,958,487,956,1,2,371,472,275,414,689,69,36,65,200,425,1348,0.509,0.509,0.5,0.786,0.578,0.51,F,"GSW,IND,LAC,POR,SAC,SAS"
203,Marquese Chriss,6.5,SAC,1,8,2016,Washington,2016-17,2021-22,19-24,292,147,0,5338,830,1822,669,1267,161,555,385,577,362,1004,1366,298,187,227,348,738,2206,0.456,0.528,0.29,0.667,0.531,0.5,F,"CLE,DAL,GSW,HOU,PHO"
204,Al Thornton,6.1,LAC,1,14,2007,Florida State,2007-08,2010-11,24-27,296,167,0,8274,1368,3029,1290,2763,78,266,713,954,392,841,1233,353,185,152,424,771,3527,0.452,0.467,0.293,0.747,0.511,0.465,F,"GSW,LAC,WAS"
205,Dante Exum,5.9,UTA,1,5,2014,,2014-15,2023-24,19-28,300,89,0,5633,670,1554,450,899,220,655,257,335,116,474,590,672,123,49,357,514,1817,0.431,0.501,0.336,0.767,0.534,0.502,G,"CLE,DAL,UTA"
206,Anthony Randolph,5.8,GSW,1,14,2008,Louisiana State,2008-09,2013-14,19-24,252,43,0,3841,677,1494,657,1411,20,83,415,561,335,743,1078,187,150,224,298,456,1789,0.453,0.466,0.241,0.74,0.514,0.46,F,"DEN,GSW,MIN,NYK"
207,Jalen Green,5.6,HOU,1,2,2021,,2021-22,2023-24,19-21,225,225,0,7341,1535,3645,990,2028,545,1617,835,1051,117,816,933,748,169,64,526,349,4450,0.421,0.488,0.337,0.794,0.542,0.496,G,HOU
208,Moses Moody,5,GSW,1,14,2021,Arkansas,2021-22,2023-24,19-21,181,23,0,2580,382,830,221,385,161,445,138,182,110,271,381,131,67,41,91,187,1063,0.46,0.574,0.362,0.758,0.584,0.557,G,GSW
209,Sebastian Telfair,5,POR,1,13,2004,,2004-05,2014-15,19-29,564,193,0,12149,1542,3953,1181,2820,361,1133,738,950,151,747,898,1960,413,75,859,1196,4183,0.39,0.419,0.319,0.777,0.478,0.436,G,"BOS,CLE,LAC,MIN,OKC,PHO,POR,TOR"
210,Dereck Lively II,4.9,OKC,1,12,2023,Duke,2023-24,2023-24,19,55,42,0,1294,221,296,221,294,0,2,41,81,135,243,378,60,36,77,50,144,483,0.747,0.752,0,0.506,0.728,0.747,C,DAL
211,Hasheem Thabeet,4.8,MEM,1,2,2009,Connecticut,2009-10,2013-14,22-26,224,20,0,2357,182,321,182,321,0,0,119,206,203,392,595,27,59,184,123,453,483,0.567,0.567,,0.578,0.587,0.567,C,"HOU,MEM,OKC,POR"
212,Thomas Robinson,4.6,SAC,1,5,2012,Kansas,2012-13,2016-17,21-25,313,12,0,4204,640,1361,640,1355,0,6,248,491,542,965,1507,190,161,111,319,546,1528,0.47,0.472,0,0.505,0.484,0.47,F,"BRK,HOU,LAL,PHI,POR,SAC"
213,Jalen Suggs,4.5,ORL,1,5,2021,Gonzaga,2021-22,2023-24,20-22,176,139,0,4578,720,1706,459,923,261,783,330,438,129,432,561,569,232,93,369,467,2031,0.422,0.497,0.333,0.753,0.535,0.499,G,ORL
214,Denzel Valentine,4.5,CHI,1,14,2016,Michigan State,2016-17,2021-22,23-28,256,45,0,4817,680,1728,319,724,361,1004,74,94,101,756,857,466,159,31,228,412,1795,0.394,0.441,0.36,0.787,0.507,0.498,G,"CHI,CLE,UTA"
215,Amen Thompson,4.3,HOU,1,4,2023,,2023-24,2023-24,21,62,23,0,1388,239,446,231,388,8,58,106,155,148,261,409,163,78,38,90,141,592,0.536,0.595,0.138,0.684,0.576,0.545,G,HOU
216,James Wiseman,4.3,GSW,1,2,2020,Memphis,2020-21,2023-24,19-22,147,55,0,2794,567,1012,551,952,16,60,194,285,238,591,829,110,30,102,177,370,1344,0.56,0.579,0.267,0.681,0.591,0.568,C,"DET,GSW"
217,Dyson Daniels,4.2,NOH,1,8,2022,,2022-23,2023-24,19-20,120,27,0,2400,226,519,157,298,69,221,60,93,98,326,424,298,128,36,116,200,581,0.435,0.527,0.312,0.645,0.519,0.502,G,NOP
218,Cason Wallace,4,DAL,1,10,2023,Kentucky,2023-24,2023-24,20,82,13,0,1692,217,442,119,208,98,234,29,37,52,135,187,120,76,37,45,129,561,0.491,0.572,0.419,0.784,0.612,0.602,G,OKC
219,Jan Veselý,4,WAS,1,6,2011,,2011-12,2013-14,21-23,162,25,0,2455,263,505,263,503,0,2,64,157,225,337,562,96,107,84,123,384,590,0.521,0.523,0,0.408,0.514,0.521,F,"DEN,WAS"
220,Nik Stauskas,3.9,SAC,1,8,2014,Michigan,2014-15,2021-22,21-28,343,63,0,6701,770,1981,370,850,400,1131,350,431,78,613,691,515,139,80,340,426,2290,0.389,0.435,0.354,0.812,0.527,0.49,G,"BOS,BRK,CLE,MIA,PHI,POR,SAC"
221,Hilton Armstrong,3.9,NOH,1,12,2006,Connecticut,2006-07,2013-14,22-29,292,40,0,3378,347,693,345,686,2,7,184,316,292,474,766,102,90,142,230,544,880,0.501,0.503,0.286,0.582,0.529,0.502,F-C,"ATL,GSW,HOU,NOH,NOK,SAC,WAS"
222,Julian Wright,3.9,NOH,1,13,2007,Kansas,2007-08,2010-11,20-23,231,40,0,3049,397,795,381,734,16,61,97,166,184,347,531,182,132,69,164,182,907,0.499,0.519,0.262,0.584,0.522,0.509,F,"NOH,TOR"
223,Victor Wembanyama,3.7,SAS,1,1,2023,,2023-24,2023-24,20,71,71,0,2106,551,1186,423,792,128,394,292,367,161,594,755,274,88,254,260,153,1522,0.465,0.534,0.325,0.796,0.565,0.519,C-F,SAS
224,Rashad McCants,3.6,MIN,1,14,2005,North Carolina,2005-06,2008-09,21-24,249,39,0,5037,923,2144,631,1351,292,793,341,460,114,392,506,331,183,61,362,584,2479,0.431,0.467,0.368,0.741,0.528,0.499,G,"MIN,SAC"
225,Bennedict Mathurin,3.2,IND,1,6,2022,Arizona,2022-23,2023-24,20-21,137,36,0,3760,709,1614,529,1090,180,524,560,678,147,405,552,235,83,27,249,279,2158,0.439,0.485,0.344,0.826,0.564,0.495,G-F,IND
226,Mario Hezonja,3.2,ORL,1,5,2015,,2015-16,2019-20,20-24,330,69,0,6107,854,2047,588,1214,266,833,310,382,147,879,1026,415,243,80,371,549,2284,0.417,0.484,0.319,0.812,0.516,0.482,F-G,"NYK,ORL,POR"
227,Yi Jianlian,3.1,MIL,1,6,2007,,2007-08,2011-12,20-24,272,163,0,6038,813,2012,738,1787,75,225,447,573,379,960,1339,192,136,184,302,618,2148,0.404,0.413,0.333,0.78,0.474,0.423,F,"DAL,MIL,NJN,WAS"
228,Davion Mitchell,3,SAC,1,9,2021,Baylor,2021-22,2023-24,23-25,227,32,0,4624,679,1565,458,890,221,675,111,158,68,298,366,632,116,42,219,338,1690,0.434,0.515,0.327,0.703,0.517,0.504,G,SAC
229,Earl Clark,2.9,PHO,1,14,2009,Louisville,2009-10,2014-15,22-27,261,54,0,3630,453,1125,371,875,82,250,150,226,195,583,778,134,83,136,175,323,1138,0.403,0.424,0.328,0.664,0.465,0.439,F,"BRK,CLE,LAL,NYK,ORL,PHO"
230,Sean May,2.6,CHA,1,13,2005,North Carolina,2005-06,2009-10,21-25,119,25,0,1868,324,708,321,695,3,13,170,228,155,326,481,115,53,47,134,236,821,0.458,0.462,0.231,0.746,0.508,0.46,F-C,"CHA,SAC"
231,Cam Reddish,2.6,ATL,1,10,2019,Duke,2019-20,2023-24,20-24,221,108,0,5287,704,1771,440,957,264,814,374,449,127,485,612,275,228,80,265,396,2046,0.398,0.46,0.324,0.833,0.52,0.472,F,"ATL,LAL,NYK,POR"
232,Ziaire Williams,2.6,NOH,1,10,2021,Stanford,2021-22,2023-24,20-22,150,50,0,2945,425,998,266,470,159,528,122,152,77,311,388,175,85,27,144,256,1131,0.426,0.566,0.301,0.803,0.531,0.506,F,MEM
233,Dennis Smith Jr.,2.3,DAL,1,9,2017,NC State,2017-18,2023-24,20-26,326,152,0,7601,1224,3009,954,2103,270,906,442,656,212,755,967,1381,377,109,633,678,3160,0.407,0.454,0.298,0.674,0.479,0.452,G,"BRK,CHO,DAL,DET,NYK,POR"
234,Jimmer Fredette,2.2,MIL,1,10,2011,Brigham Young,2011-12,2018-19,22-29,241,7,0,3213,524,1282,331,763,193,519,197,224,53,190,243,331,94,11,223,222,1438,0.409,0.434,0.372,0.879,0.521,0.484,G,"CHI,NOP,NYK,PHO,SAC"
235,Romeo Langford,2,BOS,1,14,2019,Indiana,2019-20,2022-23,20-23,141,32,0,2268,253,589,198,398,55,191,89,135,114,184,298,97,60,42,67,171,650,0.43,0.497,0.288,0.659,0.501,0.476,G,"BOS,SAS"
236,Ausar Thompson,1.8,DET,1,5,2023,,2023-24,2023-24,21,63,38,0,1583,232,480,211,367,21,113,71,119,129,273,402,120,68,59,84,175,556,0.483,0.575,0.186,0.597,0.522,0.505,G,DET
237,Robert Swift,1.7,OKC,1,12,2004,,2004-05,2008-09,19-23,97,34,0,1500,172,340,172,340,0,0,72,118,122,254,376,20,26,86,71,224,416,0.506,0.506,,0.61,0.531,0.506,C,"OKC,SEA"
238,Shaedon Sharpe,1.7,POR,1,7,2022,Kentucky,2022-23,2023-24,19-20,112,40,0,2838,482,1082,320,619,162,463,173,224,105,291,396,188,66,36,155,224,1299,0.445,0.517,0.35,0.772,0.55,0.52,G,POR
239,Anthony Black,1.6,ORL,1,6,2023,Arkansas,2023-24,2023-24,20,69,33,0,1164,115,247,78,153,37,94,49,80,33,106,139,91,35,21,56,110,316,0.466,0.51,0.394,0.613,0.56,0.54,G,ORL
240,Chris Duarte,1.6,IND,1,13,2021,Oregon,2021-22,2023-24,24-26,160,62,0,3157,471,1164,278,608,193,556,177,217,86,361,447,222,109,27,157,240,1312,0.405,0.457,0.347,0.816,0.521,0.488,G,"IND,SAC"
241,Acie Law,1.6,ATL,1,11,2007,Texas A&M,2007-08,2010-11,23-26,188,8,0,2385,263,637,236,522,27,115,172,221,33,162,195,309,83,4,145,193,725,0.413,0.452,0.235,0.778,0.494,0.434,G,"ATL,CHA,CHI,GSW,MEM"
242,Jeremy Sochan,1.5,SAS,1,9,2022,Baylor,2022-23,2023-24,19-20,130,126,0,3651,590,1328,487,967,103,361,192,260,232,539,771,391,105,63,237,306,1475,0.444,0.504,0.285,0.738,0.511,0.483,F-G,SAS
243,Ochai Agbaji,1.4,CLE,1,14,2022,Kansas,2022-23,2023-24,22-23,137,50,0,2850,343,819,200,380,143,439,93,125,117,220,337,150,63,59,105,216,922,0.419,0.526,0.326,0.744,0.527,0.506,G,"TOR,UTA"
244,Kira Lewis Jr.,1.3,NOH,1,13,2020,Alabama,2020-21,2023-24,19-22,131,0,0,1745,263,663,191,418,72,245,89,105,35,134,169,233,68,15,84,142,687,0.397,0.457,0.294,0.848,0.484,0.451,G,"NOP,TOR,UTA"
245,Jordan Hawkins,1.3,NOH,1,14,2023,Connecticut,2023-24,2023-24,21,67,10,0,1160,174,456,65,158,109,298,67,80,29,119,148,70,19,7,40,72,524,0.382,0.411,0.366,0.838,0.533,0.501,G,NOP
246,Taylor Hendricks,1.2,UTA,1,9,2023,UCF,2023-24,2023-24,20,40,23,0,856,108,240,55,100,53,140,23,29,46,139,185,32,28,30,27,77,292,0.45,0.55,0.379,0.793,0.578,0.56,G,UTA
247,Cade Cunningham,1.1,DET,1,1,2021,Oklahoma State,2021-22,2023-24,20-22,138,138,0,4562,1046,2422,796,1663,250,759,416,485,103,593,696,892,144,72,485,387,2758,0.432,0.479,0.329,0.858,0.523,0.483,G,DET
248,Kendall Marshall,1,PHO,1,13,2012,North Carolina,2012-13,2015-16,21-24,160,57,0,3083,315,789,187,443,128,346,44,72,23,230,253,779,107,10,285,180,802,0.399,0.422,0.37,0.611,0.489,0.48,G,"LAL,MIL,PHI,PHO"
249,Ousmane Dieng,0.9,NYK,1,11,2022,,2022-23,2023-24,19-20,72,1,0,934,125,297,78,129,47,168,29,39,29,127,156,83,22,12,45,64,326,0.421,0.605,0.28,0.744,0.519,0.5,F,OKC
250,Xavier Henry,0.8,MEM,1,12,2010,Kansas,2010-11,2014-15,19-23,185,23,0,2905,368,907,327,781,41,126,273,430,81,270,351,120,100,23,139,264,1050,0.406,0.419,0.325,0.635,0.479,0.428,G,"LAL,MEM,NOH"
251,Brandon Miller,0.8,CHA,1,2,2023,Alabama,2023-24,2023-24,21,74,68,0,2383,476,1083,292,590,184,493,143,173,60,255,315,175,66,42,132,184,1279,0.44,0.495,0.373,0.827,0.552,0.524,F-G,CHO
252,Kevin Knox,0.7,NYK,1,9,2018,Kentucky,2018-19,2023-24,19-24,306,77,0,5522,807,2061,471,1075,336,986,326,451,165,711,876,228,119,79,255,482,2276,0.392,0.438,0.341,0.723,0.504,0.473,F,"ATL,DET,NYK,POR"
253,Anthony Bennett,0.5,CLE,1,1,2013,UNLV,2013-14,2016-17,20-23,151,4,0,1905,251,641,215,503,36,138,120,179,132,340,472,77,58,27,99,206,658,0.392,0.427,0.261,0.67,0.457,0.42,F,"BRK,CLE,MIN,TOR"
254,Patrick O'Bryant,0.5,GSW,1,9,2006,Bradley,2006-07,2009-10,20-23,90,3,0,524,79,160,79,157,0,3,28,48,32,95,127,25,18,40,42,126,186,0.494,0.503,0,0.583,0.513,0.494,C,"BOS,GSW,TOR"
255,Dragan Bender,0.5,PHO,1,4,2016,,2016-17,2019-20,19-22,187,67,0,3755,373,934,190,367,183,567,85,130,113,607,720,237,54,106,202,372,1014,0.399,0.518,0.323,0.654,0.512,0.497,F,"GSW,MIL,PHO"
256,Joe Alexander,0.5,MIL,1,8,2008,West Virginia,2008-09,2009-10,22-23,67,0,0,745,103,251,87,204,16,47,60,86,46,74,120,44,16,30,52,116,282,0.41,0.426,0.34,0.698,0.488,0.442,F,"CHI,MIL"
257,Bilal Coulibaly,0.4,IND,1,7,2023,,2023-24,2023-24,19,63,15,0,1715,188,432,124,247,64,185,92,131,56,200,256,110,57,48,87,137,532,0.435,0.502,0.346,0.702,0.543,0.509,F,WAS
258,Georgios Papagiannis,0.4,PHO,1,13,2016,,2016-17,2017-18,19-20,39,0,0,477,74,144,74,142,0,2,12,14,37,86,123,29,7,23,32,56,160,0.514,0.521,0,0.857,0.533,0.514,C,"POR,SAC"
259,Jaden Ivey,0.4,DET,1,5,2022,Purdue,2022-23,2023-24,20-21,151,134,0,4521,826,1956,582,1237,244,719,493,659,159,393,552,683,118,58,427,446,2389,0.422,0.47,0.339,0.748,0.532,0.485,G,DET
260,Jarace Walker,0.4,WAS,1,8,2023,Houston,2023-24,2023-24,20,33,0,0,340,45,110,23,55,22,55,8,9,12,51,63,40,15,11,17,29,120,0.409,0.418,0.4,0.889,0.527,0.509,F,IND
261,Frank Ntilikina,0.3,NYK,1,8,2017,,2017-18,2023-24,19-25,321,65,0,5454,575,1558,369,915,206,643,179,235,98,465,563,693,210,66,330,602,1535,0.369,0.403,0.32,0.762,0.462,0.435,G,"CHO,DAL,NYK"
262,Mouhamed Sene,0.3,OKC,1,10,2006,,2006-07,2008-09,20-22,47,3,0,260,35,82,35,82,0,0,33,56,28,47,75,1,4,22,15,44,103,0.427,0.427,,0.589,0.483,0.427,C-F,"NYK,OKC,SEA"
263,Gradey Dick,0.3,TOR,1,13,2023,Kansas,2023-24,2023-24,20,60,17,0,1268,189,445,101,204,88,241,44,51,27,105,132,68,34,2,50,87,510,0.425,0.495,0.365,0.863,0.546,0.524,G,TOR
264,Luke Jackson,0.2,CLE,1,10,2004,Oregon,2004-05,2007-08,23-26,73,3,0,724,84,235,52,146,32,89,52,71,27,62,89,58,24,3,49,71,252,0.357,0.356,0.36,0.732,0.473,0.426,F,"CLE,LAC,MIA,TOR"
265,Jett Howard,0,ORL,1,11,2023,Michigan,2023-24,2023-24,20,18,0,0,67,10,30,3,5,7,25,2,4,1,6,7,6,2,2,3,4,29,0.333,0.6,0.28,0.5,0.457,0.45,G,ORL
266,Jarrett Culver,-0.1,PHO,1,6,2019,Texas Tech,2019-20,2022-23,20-23,144,43,0,2480,367,915,275,582,92,333,108,212,127,275,402,173,100,54,136,239,934,0.401,0.473,0.276,0.509,0.463,0.451,G,"ATL,MEM,MIN"
267,Yaroslav Korolev,-0.1,LAC,1,12,2005,,2005-06,2006-07,18-19,34,0,0,168,13,46,10,34,3,12,10,16,6,10,16,13,6,0,7,11,39,0.283,0.294,0.25,0.625,0.368,0.315,F,LAC
268,Jerome Robinson,-0.2,LAC,1,13,2018,Boston College,2018-19,2023-24,21-26,135,12,0,1685,198,548,118,279,80,269,69,97,21,193,214,136,52,29,83,194,545,0.361,0.423,0.297,0.711,0.461,0.434,G,"GSW,LAC,WAS"
269,Emmanuel Mudiay,-0.2,DEN,1,7,2015,,2015-16,2021-22,19-25,302,165,0,7187,1222,3051,946,2196,276,855,579,778,138,746,884,1143,215,88,670,492,3299,0.401,0.431,0.323,0.744,0.486,0.446,G,"DEN,NYK,SAC,UTA"
270,Terrence Williams,-0.2,NJN,1,11,2009,Louisville,2009-10,2012-13,22-25,153,9,0,2922,437,1061,379,878,58,183,153,232,67,478,545,364,83,19,222,199,1085,0.412,0.432,0.317,0.659,0.466,0.439,F,"BOS,HOU,NJN,SAC"
271,Joshua Primo,-0.3,SAS,1,12,2021,Alabama,2021-22,2023-24,19-21,56,16,0,1068,111,299,66,149,45,150,51,68,35,92,127,99,21,26,72,87,318,0.371,0.443,0.3,0.75,0.483,0.446,G,"LAC,SAS"
272,James Bouknight,-0.3,CHA,1,11,2021,Connecticut,2021-22,2023-24,21-23,79,0,0,900,136,375,73,187,63,188,48,63,31,102,133,73,22,7,49,81,383,0.363,0.39,0.335,0.762,0.476,0.447,G,CHO
273,Johnny Davis,-0.4,WAS,1,10,2022,Wisconsin,2022-23,2023-24,20-21,78,11,0,1036,128,325,97,215,31,110,28,51,28,109,137,60,28,18,30,105,315,0.394,0.451,0.282,0.549,0.453,0.442,G,WAS
274,Rafael Araújo,-0.4,TOR,1,8,2004,Brigham Young,2004-05,2006-07,24-26,139,75,0,1585,156,385,155,381,1,4,76,112,124,271,395,41,51,16,111,300,389,0.405,0.407,0.25,0.679,0.448,0.406,C,"TOR,UTA"
275,Killian Hayes,-0.5,DET,1,7,2020,,2020-21,2023-24,19-22,210,145,0,5479,671,1758,505,1159,166,599,196,253,81,538,619,1090,245,93,418,534,1704,0.382,0.436,0.277,0.775,0.456,0.429,G,DET
276,Jonny Flynn,-1.1,MIN,1,6,2009,Syracuse,2009-10,2011-12,20-22,163,90,0,3738,551,1379,433,1030,118,349,284,351,44,263,307,634,122,7,382,179,1504,0.4,0.42,0.338,0.809,0.49,0.442,G,"HOU,MIN,POR"
277,Adam Morrison,-1.4,CHA,1,3,2006,Gonzaga,2006-07,2009-10,22-25,161,28,0,3278,467,1252,343,877,124,375,142,200,82,260,342,222,40,12,172,273,1200,0.373,0.391,0.331,0.71,0.448,0.423,F,"CHA,LAL"
278,Scoot Henderson,-1.7,POR,1,3,2023,,2023-24,2023-24,19,62,32,0,1765,307,797,220,529,87,268,167,204,53,141,194,336,48,13,212,195,868,0.385,0.416,0.325,0.819,0.489,0.44,G,POR
279,Josh Jackson,-1.7,PHO,1,4,2017,Kansas,2017-18,2021-22,20-24,291,92,0,6718,1222,2939,959,2038,263,901,569,837,250,909,1159,534,251,169,536,733,3276,0.416,0.471,0.292,0.68,0.495,0.461,F-G,"DET,MEM,PHO,SAC"