"","DataThrough","Season","TeamName","Seed","ConfShort","Coach","Wins","Losses","AdjEM","RankAdjEM","Pythag","RankPythag","AdjOE","RankAdjOE","OE","RankOE","AdjDE","RankAdjDE","DE","RankDE","Tempo","RankTempo","AdjTempo","RankAdjTempo","Luck","RankLuck","SOS","RankSOS","SOSO","RankSOSO","SOSD","RankSOSD","NCSOS","RankNCSOS","Event","APL_Off","RankAPL_Off","APL_Def","RankAPL_Def","ConfAPL_Off","RankConfAPL_Off","ConfAPL_Def","RankConfAPL_Def"
"1","Sunday, March 29",2026,"Michigan",1,"B10","Dusty May",35,3,39.0164,1,0.9848,1,128.248,5,122.308,3,89.2318,1,97.6882,9,71.399,37,70.8781,22,0.0371,87,16.7191,2,119.191,4,102.471,4,11.9652,12,"NCAA",15.63,14,18.16,310,15.79,1,18.65,13
"2","Sunday, March 29",2026,"Arizona",1,"B12","Tommy Lloyd",36,2,38.7558,2,0.9841,2,128.561,4,120.844,11,89.8055,2,96.3286,6,71.2449,42,69.7914,56,0.0195,129,15.0416,9,117.945,13,102.903,11,2.9951,101,"NCAA",16.46,50,17.1,79,16.64,5,17.08,5
"3","Sunday, March 29",2026,"Duke",1,"ACC","Jon Scheyer",35,3,37.2879,3,0.9813,3,128.022,6,121.974,6,90.7341,3,95.4353,2,66.8266,251,65.412,287,0.0402,80,14.1667,17,116.841,27,102.674,6,9.9155,18,"NCAA",17.41,159,18.43,344,18.33,13,18.27,15
"4","Sunday, March 29",2026,"Illinois",3,"B10","Brad Underwood",28,8,34.4077,4,0.9701,6,131.769,1,125.713,1,97.3613,20,102.972,60,65.7434,307,65.279,296,-0.0419,297,14.2665,15,117.385,19,103.118,18,3.5906,91,"NCAA",19.11,336,17.69,222,19.75,17,17.88,3
"5","Sunday, March 29",2026,"Houston",2,"B12","Kelvin Sampson",30,7,33.7386,5,0.9743,4,124.544,15,118.25,34,90.8055,4,95.9614,4,64.7566,334,63.2417,353,-0.0151,227,13.397,25,116.911,25,103.514,29,0.4665,162,"NCAA",18.41,281,18.36,341,18.46,13,18.59,16
"6","Sunday, March 29",2026,"Florida",1,"SEC","Todd Golden",27,8,33.4724,6,0.9722,5,125.938,9,120.979,9,92.4653,6,99.5359,22,72.0489,23,70.3371,31,-0.0418,296,15.2332,8,118.94,5,103.706,33,7.6854,31,"NCAA",16.44,48,16.84,38,16.49,5,16.8,4
"7","Sunday, March 29",2026,"Iowa St.",2,"B12","T.J. Otzelberger",29,8,31.9039,7,0.9688,7,123.495,21,119.253,22,91.591,5,96.2355,5,68.4791,174,67.0586,197,-0.0165,229,12.244,37,115.57,46,103.326,22,-3.7445,279,"NCAA",16.57,62,18.26,330,17.12,8,18.53,15
"8","Sunday, March 29",2026,"Purdue",2,"B10","Matt Painter",30,9,31.1434,8,0.9571,9,131.629,2,124.788,2,100.486,36,108.097,167,65.2207,324,64.3803,328,0.0047,180,16.2607,5,118.938,6,102.678,7,5.8478,49,"NCAA",18.78,313,18.23,327,18.62,11,18.61,12
"9","Sunday, March 29",2026,"Connecticut",2,"BE","Dan Hurley",33,5,29.1076,9,0.9573,8,122.831,28,116.283,45,93.7238,9,98.2629,13,65.8076,301,64.6627,319,0.0689,34,13.1195,27,115.967,41,102.847,10,7.7427,30,"NCAA",19.15,340,17.44,159,19.36,10,17.1,4
"10","Sunday, March 29",2026,"Michigan St.",3,"B10","Tom Izzo",27,8,28.8344,10,0.9556,10,123.102,23,116.898,39,94.2676,13,101.277,36,66.8845,247,66.3103,241,-0.0056,202,14.1668,16,118.296,11,104.13,42,3.2836,94,"NCAA",17.66,190,18.35,338,17.94,6,18.96,14
"11","Sunday, March 29",2026,"Vanderbilt",5,"SEC","Mark Byington",27,9,27.2638,11,0.9414,15,127.094,8,121.018,8,99.8306,31,106.175,108,70.4043,77,68.6118,112,0.0059,177,14.5314,14,117.827,14,103.295,21,0.7421,153,"NCAA",16.6,66,17.47,168,16.96,6,17.59,10
"12","Sunday, March 29",2026,"Alabama",4,"SEC","Nate Oats",25,10,27.1278,12,0.9371,16,129.606,3,122.021,5,102.479,62,110.686,232,74.2206,5,72.8481,4,0.0113,156,17.1391,1,119.626,1,102.487,5,13.3522,8,"NCAA",15.32,8,17.06,73,15.87,1,16.87,5
"13","Sunday, March 29",2026,"St. John's",5,"BE","Rick Pitino",30,7,27.0205,13,0.9482,12,120.952,35,114.127,70,93.9311,10,98.7165,17,70.571,74,69.4304,72,0.0521,58,12.493,33,115.436,51,102.943,12,6.3476,45,"NCAA",16.34,44,17.75,237,16.58,3,17.95,8
"14","Sunday, March 29",2026,"Gonzaga",3,"WCC","Mark Few",31,4,26.9578,14,0.9477,13,121.087,33,119.69,17,94.1296,12,94.1754,1,70.1916,86,68.4011,123,0.062,43,5.8738,86,113.17,80,107.296,101,8.1518,27,"NCAA",16.05,29,17.98,285,16.17,2,18.63,12
"15","Sunday, March 29",2026,"Tennessee",6,"SEC","Rick Barnes",25,12,26.8885,15,0.9469,14,121.336,31,116.037,50,94.4473,14,102.41,50,67.4509,226,65.4315,286,-0.0309,268,15.8763,6,119.455,2,103.579,32,0.5471,159,"NCAA",18.08,244,17.54,180,18.96,15,17.32,6
"16","Sunday, March 29",2026,"Nebraska",4,"B10","Fred Hoiberg",28,7,26.7326,16,0.9484,11,119.553,47,114.326,69,92.8202,7,98.4801,15,66.7984,252,66.5226,231,0.0286,110,12.2961,35,116.931,24,104.635,57,-6.1589,317,"NCAA",17.1,119,18.87,359,17.39,3,19.28,18
"17","Sunday, March 29",2026,"Virginia",3,"ACC","Ryan Odom",30,6,25.6885,17,0.937,17,122.785,29,119.274,21,97.0964,18,101.81,42,66.4412,278,65.841,267,0.0474,61,9.7535,69,115.339,53,105.586,74,-3.3284,269,"NCAA",17.33,151,18.68,355,17.83,10,18.35,17
"18","Sunday, March 29",2026,"Arkansas",4,"SEC","John Calipari",28,9,25.3869,18,0.9273,20,127.826,7,122.308,4,102.439,60,109.764,210,72.8681,13,71.5128,17,0.0563,52,14.7109,13,118.609,7,103.898,36,4.0849,81,"NCAA",15.77,18,17.33,135,16.04,2,17.33,7
"19","Sunday, March 29",2026,"Louisville",6,"ACC","Pat Kelsey",24,11,24.5252,19,0.9274,19,123.423,22,118.432,30,98.8981,27,102.508,52,70.9796,54,69.681,62,-0.0208,240,12.6095,31,116.026,40,103.416,27,2.1128,116,"NCAA",15.85,22,17.85,262,16.31,1,17.87,11
"20","Sunday, March 29",2026,"Texas Tech",5,"B12","Grant McCasland",23,11,24.3427,20,0.9238,21,124.783,14,117.725,37,100.441,35,107.537,143,67.9189,206,65.9709,262,0.0141,146,15.4222,7,118.485,9,103.063,16,7.3789,37,"NCAA",18.05,240,17.28,121,18.54,14,17.41,7
"21","Sunday, March 29",2026,"Kansas",4,"B12","Bill Self",24,11,24.0242,21,0.9326,18,117.62,60,108.969,162,93.596,8,100.251,28,68.3049,186,67.7728,158,0.0426,71,16.4679,3,117.586,16,101.118,1,10.6788,16,"NCAA",17.21,131,17.89,269,17.12,7,17.67,10
"22","Sunday, March 29",2026,"Iowa",9,"B10","Ben McCollum",24,13,23.5104,22,0.9186,22,123.738,20,118.342,32,100.227,32,105.586,98,62.7564,365,62.4461,362,-0.0348,281,13.5691,23,116.683,29,103.114,17,-7.385,336,"NCAA",19.9,363,18.21,320,20.01,18,18.08,6
"23","Sunday, March 29",2026,"Wisconsin",5,"B10","Greg Gard",24,11,23.2024,23,0.9135,23,125.225,10,118.75,27,102.023,54,108.743,187,69.0542,145,68.8574,98,0.0242,125,13.7491,22,117.289,21,103.54,31,-1.3838,220,"NCAA",17.23,136,17.8,249,17.7,5,18.16,8
"24","Sunday, March 29",2026,"BYU",6,"B12","Kevin Young",23,12,22.5824,24,0.9082,25,124.994,11,118.263,33,102.412,59,107.012,129,70.3437,79,69.902,49,-0.0266,251,14.07,18,116.387,35,102.317,3,4.6917,74,"NCAA",15.91,25,17.98,283,16.25,2,17.77,11
"25","Sunday, March 29",2026,"Ohio St.",8,"B10","Jake Diebler",21,13,22.226,25,0.9064,26,124.041,18,117.8,36,101.815,52,108.188,170,66.4583,276,66.0067,257,-0.0456,304,13.7713,21,116.812,28,103.041,15,-2.2084,239,"NCAA",17.92,227,18.19,316,18.45,9,18.23,10
"26","Sunday, March 29",2026,"Saint Mary's",7,"WCC","Randy Bennett",27,6,21.8795,26,0.9115,24,119.199,52,116.16,46,97.3197,19,98.5784,16,66.1375,288,64.8587,311,0.0125,150,5.2,91,111.763,95,106.562,88,3.7169,88,"NCAA",18.94,324,17.27,120,19.09,11,17.5,5
"27","Sunday, March 29",2026,"Utah St.",9,"MWC","Jerrod Calhoun",29,7,21.6379,27,0.9024,27,123.047,26,119.275,20,101.409,44,104.119,74,68.2066,191,67.6194,168,0.061,44,8.41,76,113.441,78,105.031,62,2.0662,117,"NCAA",16.78,80,18.32,336,17.07,3,18.52,11
"28","Sunday, March 29",2026,"UCLA",7,"B10","Mick Cronin",24,12,21.3054,28,0.8994,29,122.853,27,116.04,49,101.547,46,107.242,136,65.7374,308,64.8915,308,0.0242,124,12.8647,30,116.592,32,103.727,34,-2.5927,255,"NCAA",18.24,258,18.56,351,18.89,12,19.12,17
"29","Sunday, March 29",2026,"Kentucky",7,"SEC","Mark Pope",22,14,21.0114,29,0.9008,28,120.357,41,115.229,57,99.3457,28,106.381,116,69.6827,107,68.3243,127,-0.011,212,16.2787,4,119.281,3,103.002,14,0.9766,143,"NCAA",16.59,64,17.85,261,17.3,8,17.55,9
"30","Sunday, March 29",2026,"Miami FL",7,"ACC","Jai Lucas",26,9,20.6091,30,0.8953,30,121.04,34,117.626,38,100.431,34,103.488,67,69.1679,135,67.6756,166,0.0146,144,8.3689,77,114.215,70,105.846,81,-7.5454,338,"NCAA",17.07,113,17.73,229,17.82,9,17.74,10
"31","Sunday, March 29",2026,"Texas",11,"SEC","Sean Miller",21,15,20.4569,31,0.8867,33,124.862,13,118.979,23,104.405,84,111.073,247,68.1419,194,66.5694,226,-0.0619,331,14.9526,10,118.36,10,103.407,25,-6.6085,321,"NCAA",18.29,265,17.13,85,19,16,16.78,3
"32","Sunday, March 29",2026,"North Carolina",6,"ACC","Hubert Davis",24,9,20.0887,32,0.8902,31,120.748,37,115.317,56,100.659,37,104.112,73,68.7627,162,67.9271,145,0.041,77,11.1108,50,115.38,52,104.27,48,1.1777,138,"NCAA",16.83,87,18.05,297,17.33,7,17.72,9
"33","Sunday, March 29",2026,"Villanova",8,"BE","Kevin Willard",24,9,19.8271,33,0.8875,32,120.615,39,114.977,61,100.788,40,105.725,102,66.5364,266,65.3466,292,0.0579,47,10.8149,54,115.163,56,104.348,49,2.6016,108,"NCAA",18.31,269,17.57,191,18.2,9,17.38,6
"34","Sunday, March 29",2026,"Saint Louis",9,"A10","Josh Schertz",29,6,19.5019,34,0.8843,34,120.316,42,119.993,15,100.815,41,99.7294,25,72.1195,22,71.1129,20,0.035,92,2.4076,112,109.826,132,107.418,105,-6.0752,315,"NCAA",15.2,4,18.04,296,15.7,1,18.61,12
"35","Sunday, March 29",2026,"Georgia",8,"SEC","Mike White",22,11,19.2576,35,0.8743,38,124.068,17,119.757,16,104.81,89,107.525,142,73.6702,8,71.6562,12,-0.004,199,10.9527,53,116.14,37,105.188,67,-6.7574,325,"NCAA",15.32,9,17.42,155,16.48,4,18,15
"36","Sunday, March 29",2026,"N.C. State",11,"ACC","Will Wade",20,14,19.1403,36,0.8747,37,123.089,24,118.409,31,103.949,77,108.649,184,69.5326,113,69.089,85,-0.0433,300,11.731,42,116.124,38,104.393,51,4.1542,80,"NCAA",16.5,54,18.01,292,16.96,4,17.97,12
"37","Sunday, March 29",2026,"Santa Clara",10,"WCC","Herb Sendek",26,9,19.0712,37,0.8727,40,123.755,19,118.782,25,104.684,88,105.482,96,69.4754,114,69.1069,83,0.0021,187,6.2263,82,111.982,92,105.756,79,3.9707,84,"NCAA",16.75,75,17.82,254,15.88,1,17.79,6
"38","Sunday, March 29",2026,"Texas A&M",10,"SEC","Bucky McMillan",22,12,18.5834,38,0.8751,36,119.305,49,116.819,40,100.721,38,107.808,159,72.0215,24,70.1695,39,0.0146,143,11.8551,39,117.207,22,105.352,71,-6.2636,318,"NCAA",15.66,17,17.66,215,16.16,3,18.01,16
"39","Sunday, March 29",2026,"Clemson",8,"ACC","Brad Brownell",24,11,18.5228,39,0.8796,35,116.629,71,112.325,98,98.1066,24,101.781,41,65.1217,330,64.0591,339,8e-04,189,10.2857,63,115.257,54,104.971,60,0.2759,167,"NCAA",17.75,205,19.01,362,18.08,12,18.9,18
"40","Sunday, March 29",2026,"Auburn",0,"SEC","Steven Pearl",20,16,18.405,40,0.862,43,124.958,12,118.684,28,106.553,117,113.585,304,69.027,148,67.3311,181,-0.0245,248,14.9278,11,118.22,12,103.293,20,8.3028,25,NA,17.25,140,17.57,188,17.44,9,17.8,13
"41","Sunday, March 29",2026,"Oklahoma",0,"SEC","Porter Moser",19,15,18.2302,41,0.8611,45,124.26,16,120.34,14,106.03,108,111.942,270,68.4135,177,66.289,243,-0.0701,336,12.9052,29,117.141,23,104.235,44,-6.0037,313,NA,17.34,152,17.68,219,17.92,11,17.61,12
"42","Sunday, March 29",2026,"VCU",11,"A10","Phil Martelli Jr.",28,8,17.4778,42,0.8609,46,119.227,50,116.523,43,101.749,51,103.475,66,69.2342,131,68.534,114,0.0181,132,4.9545,94,111.488,98,106.533,87,-1.2492,216,"NCAA",16.51,55,18.08,303,16.78,2,18.24,10
"43","Sunday, March 29",2026,"Indiana",0,"B10","Darian DeVries",18,14,17.4522,43,0.8578,48,120.613,40,115.653,52,103.16,66,107.629,147,66.5974,261,66.1255,249,-0.0411,295,11.7828,40,116.173,36,104.39,50,-5.0725,299,NA,18.14,249,18.07,302,18.9,13,18.42,11
"44","Sunday, March 29",2026,"New Mexico",0,"MWC","Eric Olen",26,10,17.351,44,0.8613,44,118.194,56,115.103,58,100.842,42,101.416,40,70.6564,67,69.9583,48,-0.0345,280,5.3373,89,111.79,94,106.453,86,0.3136,165,NA,16.22,38,17.73,230,16.15,1,18.13,8
"45","Sunday, March 29",2026,"Cincinnati",0,"B12","Wes Miller",18,15,17.1992,45,0.8734,39,111.259,133,105.18,247,94.0597,11,98.0606,12,69.158,137,67.5099,176,-0.0729,339,10.4835,60,114.597,64,104.114,41,-3.4194,271,NA,17.01,102,17.86,263,18.17,12,17.99,13
"46","Sunday, March 29",2026,"TCU",9,"B12","Jamie Dixon",23,12,17.1768,46,0.8656,41,114.876,84,109.993,135,97.6989,23,102.4,48,69.4501,116,67.6812,163,0.0215,128,11.6311,45,115.667,44,104.036,40,-7.2317,334,"NCAA",16.76,77,18.04,295,16.81,6,17.78,12
"47","Sunday, March 29",2026,"San Diego St.",0,"MWC","Brian Dutcher",22,11,16.8548,47,0.8637,42,113.634,101,108.842,166,96.7793,16,100.683,33,69.2154,133,68.7593,103,0.015,142,8.7666,73,114.461,67,105.695,78,4.9897,66,NA,16.53,57,18.16,309,16.29,2,18.49,10
"48","Sunday, March 29",2026,"South Florida",11,"Amer","Bryan Hodgson",25,9,16.8445,48,0.8554,49,117.608,61,116.74,41,100.764,39,102.403,49,72.9796,12,71.5498,16,-0.039,291,3.774,101,111.653,97,107.879,122,4.7028,73,"NCAA",15.66,16,17.1,77,16.12,2,17.41,5
"49","Sunday, March 29",2026,"SMU",11,"ACC","Andy Enfield",20,14,16.794,49,0.8445,50,122.735,30,118.098,35,105.941,105,110.301,228,70.5565,75,68.4362,122,-0.0491,310,10.4464,61,115.536,48,105.089,65,0.9075,147,"NCAA",16.32,43,17.62,203,16.66,3,18.08,14
"50","Sunday, March 29",2026,"Seton Hall",0,"BE","Shaheen Holloway",21,12,16.0401,50,0.8581,47,110.746,143,105.688,236,94.7055,15,98.2739,14,66.4746,275,65.1276,301,-0.0331,277,9.0353,72,114.028,74,104.993,61,-4.3945,288,NA,17.8,212,18.15,308,18.02,8,18.28,9
"51","Sunday, March 29",2026,"Baylor",0,"B12","Scott Drew",16,16,15.8154,51,0.8295,52,123.049,25,116.367,44,107.234,132,111.773,265,69.6262,110,67.8172,155,-0.0856,346,13.4734,24,115.561,47,102.088,2,1.0256,141,NA,17.46,167,17.11,80,18.05,11,17.59,9
"52","Sunday, March 29",2026,"Washington",0,"B10","Danny Sprinkle",16,17,15.3596,52,0.8336,51,117.472,63,112.348,97,102.112,56,107.758,154,67.9313,203,67.1301,193,-0.101,360,11.94,38,116.86,26,104.92,59,-0.9513,205,NA,17.69,195,17.84,259,18.35,8,18.23,9
"53","Sunday, March 29",2026,"Missouri",10,"SEC","Dennis Gates",20,13,14.8991,53,0.8228,53,119.211,51,114.953,62,104.312,81,110.041,217,68.3234,184,66.2417,246,0.0336,97,11.6433,44,116.677,30,105.033,63,-7.8844,343,"NCAA",17.31,149,17.8,251,18.08,12,17.54,8
"54","Sunday, March 29",2026,"UCF",10,"B12","Johnny Dawkins",21,12,14.7825,54,0.8194,54,119.962,44,113.224,82,105.18,95,110.204,224,70.6261,70,69.4086,73,0.0813,22,11.6836,43,115.078,57,103.395,24,-2.8177,258,"NCAA",16.05,30,18.07,301,16.36,3,18,14
"55","Sunday, March 29",2026,"Northwestern",0,"B10","Chris Collins",15,19,13.6926,55,0.8057,57,117.686,59,111.465,110,103.994,78,110.143,220,65.3344,322,65.1187,304,-0.0794,344,13.1801,26,117.327,20,104.147,43,-2.0563,235,NA,17.79,209,19.16,365,18.51,10,19.07,16
"56","Sunday, March 29",2026,"Grand Canyon",0,"MWC","Bryce Drew",20,12,13.6116,56,0.8176,55,111.301,132,109.159,155,97.6897,22,99.1509,20,69.0101,150,68.0026,142,-0.0679,334,3.8929,100,111.838,93,107.945,124,-6.1072,316,NA,18.05,239,16.98,59,18.48,8,16.91,2
"57","Sunday, March 29",2026,"Boise St.",0,"MWC","Leon Rice",20,12,13.5762,57,0.8042,58,117.455,65,113.481,80,103.879,75,107.186,134,66.5612,264,65.7197,273,0.0283,112,8.6146,75,114.203,72,105.588,75,7.5995,32,NA,18.06,243,18.01,291,18.3,7,18.64,12
"58","Sunday, March 29",2026,"Tulsa",0,"Amer","Eric Konkol",29,7,13.2709,58,0.7921,63,120.84,36,120.937,10,107.569,139,106.257,112,68.7403,164,68.1133,137,0.0394,83,0.9944,127,109.421,150,108.427,133,-2.6478,256,NA,17.01,103,17.9,271,16.81,4,18.25,13
"59","Sunday, March 29",2026,"Virginia Tech",0,"ACC","Mike Young",19,13,13.2671,59,0.7994,59,117.133,67,112.861,89,103.866,74,107.569,144,67.9302,204,67.0507,198,-0.0104,211,9.3676,71,114.929,60,105.561,73,-0.9854,208,NA,17.79,211,17.69,223,18.49,14,17.5,6
"60","Sunday, March 29",2026,"LSU",0,"SEC","Matt McMahon",15,17,13.0952,60,0.7909,64,119.867,46,115.491,53,106.772,122,111.652,262,68.6958,165,66.6732,221,-0.0924,353,10.5387,58,115.596,45,105.057,64,-4.9585,298,NA,17.27,143,17.61,202,18.09,13,17.59,11
"61","Sunday, March 29",2026,"Florida St.",0,"ACC","Luke Loucks",18,15,13.0314,61,0.7931,62,118.189,57,112.155,100,105.157,92,108.628,182,71.8295,27,70.488,30,-0.0059,206,10.5191,59,114.78,62,104.261,46,-3.5389,276,NA,15.93,26,17.69,224,17.03,5,18.31,16
"62","Sunday, March 29",2026,"Stanford",0,"ACC","Kyle Smith",20,12,13.0155,62,0.7953,60,116.928,70,111.543,109,103.913,76,107.176,133,67.9469,202,66.7674,215,0.0303,106,8.2388,78,113.431,79,105.192,68,-0.6114,194,NA,17.97,230,17.55,183,18.71,16,17.98,13
"63","Sunday, March 29",2026,"West Virginia",0,"B12","Ross Hodge",18,14,12.9343,63,0.8082,56,110.021,154,106.813,210,97.0863,17,99.9185,27,63.9598,356,62.2629,363,-0.0328,275,8.686,74,113.941,75,105.255,70,-8.6984,350,NA,19.34,350,18.07,300,20.29,16,17.48,8
"64","Sunday, March 29",2026,"Mississippi",0,"SEC","Chris Beard",15,20,12.6344,64,0.7939,61,114.185,94,109.2,153,101.551,47,109.287,202,68.2863,187,66.4052,234,-0.0696,335,13.9897,19,118.583,8,104.593,55,-2.7425,257,NA,17.49,170,17.76,243,17.47,10,17.9,14
"65","Sunday, March 29",2026,"McNeese",12,"Slnd","Bill Armstrong",28,6,12.4687,65,0.7902,65,114.457,91,114.533,67,101.988,53,100.521,30,66.4013,281,66.0597,252,0.0752,27,-1.3384,178,108.07,223,109.408,167,8.8496,22,"NCAA",16.69,71,19.16,364,16.52,1,19.81,12
"66","Sunday, March 29",2026,"Arizona St.",0,"B12","Bobby Hurley",17,16,12.2812,66,0.784,67,115.819,77,108.14,179,103.537,70,110.793,237,70.6155,72,69.2455,79,0.0623,42,13.9881,20,117.419,18,103.431,28,5.4874,53,NA,17.15,128,16.8,34,17.58,10,16.4,1
"67","Sunday, March 29",2026,"Dayton",0,"A10","Anthony Grant",25,12,12.1329,67,0.7895,66,111.756,126,109.002,161,99.6234,30,101.358,39,67.6058,215,66.5598,227,0.0297,107,5.0595,93,112.087,89,107.028,98,0.9703,145,NA,18.1,245,17.19,101,18.38,9,17.31,3
"68","Sunday, March 29",2026,"Belmont",0,"MVC","Casey Alexander",26,6,12.1193,68,0.7715,72,120.691,38,118.78,26,108.572,155,105.399,95,69.969,96,68.9324,94,0.0346,94,-0.5056,162,108.105,219,108.61,139,-4.9269,297,NA,15.83,20,18.29,332,16.09,1,18.8,10
"69","Sunday, March 29",2026,"Providence",0,"BE","Kim English",15,18,12.0945,69,0.77,73,121.274,32,115.028,60,109.179,170,112.914,291,72.3508,19,71.2862,18,-0.0903,350,11.026,52,114.226,69,103.2,19,-0.8565,202,NA,16.31,42,16.87,42,17,4,16.8,2
"70","Sunday, March 29",2026,"Nevada",0,"MWC","Steve Alford",24,13,11.9931,70,0.7787,68,115.73,79,112.734,92,103.737,73,105.669,100,66.7679,253,66.1048,250,0.0072,172,6.1149,83,112.735,84,106.62,90,2.5449,110,NA,17.82,214,17.96,281,17.81,6,18.44,9
"71","Sunday, March 29",2026,"Akron",12,"MAC","John Groce",29,6,11.9597,71,0.7719,71,118.899,53,121.522,7,106.939,123,105.618,99,71.0424,52,70.1889,38,0.0319,102,-3.4068,228,108.702,184,112.109,274,-3.4744,274,"NCAA",16.15,34,17.62,205,16.31,2,17.42,9
"72","Sunday, March 29",2026,"Colorado",0,"B12","Tad Boyle",17,15,11.77,72,0.7683,74,118.898,54,113.132,85,107.128,126,112.691,285,70.0905,90,68.6989,106,0.0239,127,10.2309,64,115.072,59,104.841,58,-0.2607,187,NA,16.86,89,17.38,144,17.32,9,17.3,6
"73","Sunday, March 29",2026,"Wichita St.",0,"Amer","Paul Mills",24,12,11.4922,73,0.7744,69,113.017,107,111.991,102,101.525,45,102.256,46,67.8845,210,66.8894,208,-0.0419,298,2.3723,113,111.041,100,108.668,142,-2.353,249,NA,17.93,228,17.28,122,18.14,9,16.94,1
"74","Sunday, March 29",2026,"Creighton",0,"BE","Greg McDermott",15,17,11.2839,74,0.7635,77,116.446,73,109.152,156,105.163,93,109.303,203,68.5602,170,67.5643,171,-0.0289,259,11.7476,41,114.717,63,102.97,13,2.9838,102,NA,17.66,189,17.24,114,17.74,5,17.03,3
"75","Sunday, March 29",2026,"Georgetown",0,"BE","Ed Cooley",16,18,11.2194,75,0.7654,75,114.827,85,108.492,174,103.608,71,107.673,150,67.0569,242,66.1946,248,-0.0489,309,10.6256,57,114.14,73,103.515,30,-4.2497,286,NA,17.53,177,18.33,337,17.75,6,18.37,10
"76","Sunday, March 29",2026,"Minnesota",0,"B10","Niko Medved",15,17,11.1185,76,0.7634,78,114.818,86,109.971,136,103.699,72,107.953,163,63.0041,364,62.5109,361,-0.0613,329,10.406,62,116.052,39,105.646,76,-8.9309,354,NA,18.85,319,19.01,361,19.55,15,19,15
"77","Sunday, March 29",2026,"USC",0,"B10","Eric Musselman",18,14,11.1025,77,0.765,76,113.84,98,107.527,195,102.737,64,108.65,185,71.0205,53,70.6143,27,0.0682,35,12.2536,36,116.516,33,104.262,47,-0.964,206,NA,16.82,84,17.4,154,17.33,2,17.49,1
"78","Sunday, March 29",2026,"Northern Iowa",12,"MVC","Ben Jacobson",23,13,11.0951,78,0.7728,70,109.874,158,107.399,198,98.779,25,97.9426,11,63.4025,362,62.2597,364,-0.0471,306,1.6535,119,109.712,135,108.059,125,-0.9112,203,"NCAA",18.82,315,18.73,356,18.84,10,18.9,11
"79","Sunday, March 29",2026,"California",0,"ACC","Mark Madsen",22,12,11.0575,79,0.7626,79,114.571,88,111.145,118,103.514,69,105.105,91,69.2895,127,68.1397,136,0.0266,116,6.0149,85,112.733,85,106.718,92,-6.7378,324,NA,17.05,109,17.45,164,17.29,6,17.29,4
"80","Sunday, March 29",2026,"Oklahoma St.",0,"B12","Steve Lutz",20,15,10.624,80,0.745,82,119.365,48,111.926,104,108.741,159,111.639,261,74.0299,6,72.3102,9,0.0658,38,11.2,49,114.551,66,103.351,23,-1.1449,211,NA,16.08,31,16.47,11,16.62,4,16.84,2
"81","Sunday, March 29",2026,"Wake Forest",0,"ACC","Steve Forbes",18,17,10.5207,81,0.7473,80,116.945,69,112.463,95,106.424,112,110.099,219,69.4127,120,68.2269,130,-0.0268,252,9.8616,68,115.075,58,105.214,69,0.282,166,NA,17.04,107,17.73,233,17.91,11,17.67,8
"82","Sunday, March 29",2026,"Yale",0,"Ivy","James Jones",24,7,10.1134,82,0.733,83,120.268,43,120.605,13,110.154,194,108.409,175,65.5792,314,64.5371,323,0.0244,123,-1.4041,182,108.852,172,110.256,196,0.9761,144,NA,18.57,295,18,288,18.67,5,18.3,6
"83","Sunday, March 29",2026,"Marquette",0,"BE","Shaka Smart",12,20,9.9839,83,0.7452,81,112.073,119,106.051,228,102.089,55,106.819,126,70.0615,91,68.8974,97,-0.1112,364,11.0815,51,115.492,50,104.411,52,1.8245,125,NA,15.51,12,18.56,352,15.81,1,18.92,11
"84","Sunday, March 29",2026,"Butler",0,"BE","Thad Matta",16,16,9.7416,84,0.7323,84,116.263,74,111.297,115,106.521,116,109.414,207,70.0351,92,68.7065,105,-0.0311,269,9.9676,67,114.212,71,104.245,45,-3.2256,265,NA,16.9,92,17.27,119,17.78,7,17.34,5
"85","Sunday, March 29",2026,"High Point",12,"BSth","Flynn Clayman",31,5,9.5302,85,0.7257,86,117.483,62,120.738,12,107.953,141,101.323,37,71.1885,45,70.138,41,0.0436,68,-7.8331,314,104.856,306,112.689,303,-9.0038,356,"NCAA",15.87,23,17.97,282,15.93,1,17.95,9
"86","Sunday, March 29",2026,"George Washington",0,"A10","Chris Caputo",19,16,9.4458,86,0.7239,87,117.46,64,115.036,59,108.015,143,107.073,131,69.9321,97,69.0336,89,-0.1101,363,2.6553,108,110.015,122,107.359,103,-3.0828,263,NA,16.8,82,17.45,163,17.18,3,18,7
"87","Sunday, March 29",2026,"Syracuse",0,"ACC","Adrian Autry",15,17,9.3147,87,0.7262,85,114.549,89,108.566,173,105.234,96,107.584,145,67.7864,212,67.3976,179,-0.0463,305,9.6993,70,113.706,76,104.007,39,-2.3038,244,NA,17.09,117,17.84,260,17.63,8,17.37,5
"88","Sunday, March 29",2026,"Colorado St.",0,"MWC","Ali Farokhmanesh",21,13,9.3069,88,0.7191,89,118.575,55,116.088,48,109.268,175,111.328,253,64.4413,346,63.1092,357,0.0261,117,4.9142,95,112.05,90,107.136,99,-2.3331,248,NA,19.07,333,17.8,250,19.08,10,18.07,7
"89","Sunday, March 29",2026,"Hofstra",13,"CAA","Speedy Claxton",24,11,9.0449,89,0.7205,88,114.4,92,113.186,83,105.355,98,103.566,69,65.4591,318,64.7238,318,-0.0371,289,-0.5721,163,108.507,192,109.079,158,2.8448,104,"NCAA",19.09,335,17.53,178,18.98,12,18.03,11
"90","Sunday, March 29",2026,"Miami OH",11,"MAC","Travis Steele",32,2,8.6525,90,0.7073,92,117.161,66,119.334,19,108.509,152,105.886,104,70.9261,56,69.7298,61,0.1316,5,-4.3014,251,107.939,234,112.241,285,-10.018,361,"NCAA",16.27,40,17.57,187,16.23,1,17.4,8
"91","Sunday, March 29",2026,"Utah Valley",0,"WAC","Todd Phillips",25,9,8.5726,91,0.7126,90,112.911,109,110.633,125,104.339,82,100.646,32,69.375,123,68.6385,108,0.0143,145,-0.4367,158,107.222,261,107.659,114,2.2369,114,NA,16.83,86,17.71,226,16.64,1,17.69,6
"92","Sunday, March 29",2026,"Stephen F. Austin",0,"Slnd","Matt Braeuer",28,6,8.5521,92,0.7125,91,112.673,112,112.837,90,104.121,79,100.353,29,66.1711,286,65.9388,265,0.0168,136,-3.2571,224,106.509,282,109.766,175,-4.0044,284,NA,17.77,208,18.51,346,18.11,6,18.4,9
"93","Sunday, March 29",2026,"Notre Dame",0,"ACC","Micah Shrewsberry",13,18,8.4666,93,0.7059,94,115.479,80,109.66,142,107.012,124,110.871,238,66.713,256,65.9815,260,-0.0585,324,10.087,66,114.572,65,104.485,53,1.0594,140,NA,18.38,277,17.39,151,18.49,15,17.07,2
"94","Sunday, March 29",2026,"Illinois St.",0,"MVC","Ryan Pedon",23,12,8.1298,94,0.7064,93,110.605,147,109.731,139,102.475,61,101.342,38,67.5694,219,66.6614,222,0.0119,153,1.6484,120,110.27,114,108.622,140,-2.9097,260,NA,18.49,288,17.03,67,18.68,9,17.01,2
"95","Sunday, March 29",2026,"Wyoming",0,"MWC","Sundance Wicks",18,15,7.784,95,0.6914,95,114.914,83,112.747,91,107.129,127,108.572,180,67.5551,222,66.3833,236,-0.0371,288,4.4487,98,112.005,91,107.556,109,-5.7577,310,NA,18.35,273,17.18,99,19.16,11,17.73,4
"96","Sunday, March 29",2026,"Xavier",0,"BE","Richard Pitino",15,18,7.7517,96,0.6873,97,117.086,68,109.115,158,109.335,177,112.547,279,71.2033,44,70.2825,32,0.016,139,11.4305,47,114.229,68,102.798,8,0.7393,154,NA,15.9,24,17.74,234,15.98,2,17.65,7
"97","Sunday, March 29",2026,"South Carolina",0,"SEC","Lamont Paris",13,19,7.4397,97,0.687,98,112.606,113,109.066,160,105.166,94,111.245,251,67.9705,201,66.3965,235,-0.0618,330,10.677,56,116.64,31,105.963,82,-8.9649,355,NA,18.43,283,16.89,45,18.48,14,16.66,2
"98","Sunday, March 29",2026,"Oregon",0,"B10","Dana Altman",12,20,7.1994,98,0.6825,99,111.831,124,105.757,233,104.632,86,111.163,249,66.4958,273,65.9403,264,-0.0356,286,12.5496,32,116.455,34,103.905,37,1.1457,139,NA,18.21,254,17.82,253,19.01,14,18.16,7
"99","Sunday, March 29",2026,"Pittsburgh",0,"ACC","Jeff Capel III",13,20,7.1742,99,0.6792,100,113.624,102,108.103,180,106.449,114,110.746,235,64.5585,339,63.5745,344,-0.0668,332,10.1867,65,114.792,61,104.605,56,0.1317,176,NA,19.5,354,17.55,184,19.74,18,17.52,7
"100","Sunday, March 29",2026,"DePaul",0,"BE","Chris Holtmann",16,16,7.1507,100,0.6883,96,107.425,208,103.659,278,100.274,33,102.846,58,67.7309,213,66.226,247,-0.0142,224,8.0845,79,113.542,77,105.457,72,-10.0633,362,NA,18.58,297,16.87,43,19.43,11,16.56,1
"101","Sunday, March 29",2026,"George Mason",0,"A10","Tony Skinn",23,10,7.1008,101,0.6782,101,113.099,106,112.3,99,105.998,107,104.965,87,64.7367,335,63.4949,346,0.0418,74,0.376,142,109.96,125,109.584,172,-8.1503,347,NA,19.01,330,17.95,279,19.22,13,18.66,13
"102","Sunday, March 29",2026,"Mississippi St.",0,"SEC","Chris Jans",13,19,6.9231,102,0.6745,102,112.757,110,107.371,199,105.833,102,112.87,290,71.4615,32,69.6403,64,-0.0014,195,12.9287,28,117.52,17,104.592,54,0.1718,174,NA,16.98,100,16.56,13,17.23,7,16.26,1
"103","Sunday, March 29",2026,"Kansas St.",0,"B12","Jerome Tang",12,20,6.7418,103,0.6694,103,113.319,104,107.655,190,106.577,119,111.148,248,73.816,7,72.644,6,-0.0735,341,12.4868,34,115.896,42,103.409,26,-0.3984,191,NA,15.65,15,17.12,82,16.17,1,16.99,4
"104","Sunday, March 29",2026,"UNLV",0,"MWC","Josh Pastner",18,17,6.4792,104,0.6609,104,114.957,82,110.43,127,108.478,149,110.983,243,70.5852,73,69.7695,58,0.0095,160,7.1363,81,112.784,83,105.648,77,1.1892,137,NA,16.62,69,17.47,167,17.07,4,18.04,6
"105","Sunday, March 29",2026,"Cal Baptist",13,"WAC","Rick Croy",25,9,6.0677,105,0.6607,105,107.75,199,106.384,220,101.683,50,99.0779,19,67.4984,224,65.9689,263,0.0806,23,-1.6315,191,107.315,259,108.947,151,-3.6942,277,"NCAA",18.16,250,17,62,18.55,6,17.43,3
"106","Sunday, March 29",2026,"UC Irvine",0,"BW","Russell Turner",23,12,5.7455,106,0.6569,106,104.609,263,103.787,276,98.8636,26,97.1865,7,70.7665,63,68.328,126,-0.0291,260,-1.0387,170,108.456,195,109.495,170,0.2465,169,NA,17.14,123,16.8,33,17.1,7,16.64,7
"107","Sunday, March 29",2026,"Saint Joseph's",0,"A10","Steve Donahue",24,12,5.7446,107,0.6523,107,107.864,194,105.2,246,102.119,57,103.095,63,68.1452,193,68.2478,129,0.1007,15,2.9361,104,110.23,116,107.294,100,-5.264,302,NA,17.7,196,17.45,161,18.22,8,17.35,4
"108","Sunday, March 29",2026,"Illinois Chicago",0,"MVC","Rob Ehsan",19,16,5.609,108,0.6454,110,110.543,148,108.61,172,104.934,90,104.793,82,67.1224,238,66.5416,229,-0.0583,323,1.7385,118,110.25,115,108.511,137,-2.4189,251,NA,17.84,215,17.8,252,18.2,7,17.95,8
"109","Sunday, March 29",2026,"Hawaii",13,"BW","Eran Ganot",24,9,5.6082,109,0.6497,108,107.21,212,108.093,181,101.601,48,97.5428,8,72.4247,18,69.8088,55,0.0363,91,-3.0786,223,107.025,269,110.104,189,-11.4584,364,"NCAA",16.85,88,16.45,9,17.02,5,16.33,4
"110","Sunday, March 29",2026,"Davidson",0,"A10","Matt McKillop",20,14,5.4588,110,0.6423,111,109.998,155,107.584,193,104.539,85,105.044,89,64.2368,351,63.8254,341,0.0186,131,2.6156,109,110.12,118,107.504,108,-0.3874,190,NA,18.35,272,18.82,358,18.66,11,19.2,14
"111","Sunday, March 29",2026,"Sam Houston St.",0,"CUSA","Chris Mudge",22,12,5.3002,111,0.6336,113,113.919,97,113.568,78,108.618,156,108.751,188,70.6456,68,70.208,36,0.0061,176,0.3702,143,109.994,123,109.624,173,5.4031,56,NA,16.69,72,17.21,105,17.13,3,17.35,1
"112","Sunday, March 29",2026,"Pacific",0,"WCC","Dave Smart",18,15,5.2751,112,0.6368,112,110.728,144,107.93,185,105.453,100,105.715,101,65.819,300,64.3225,331,-0.02,236,2.5795,110,110.417,109,107.837,118,-0.2905,189,NA,19.14,338,17.16,92,19.28,12,17.39,4
"113","Sunday, March 29",2026,"Seattle",0,"WCC","Chris Victor",21,14,5.2363,113,0.6461,109,102.673,291,101.518,310,97.4366,21,98.8388,18,68.7937,160,67.934,144,0.0056,179,1.7862,117,110.978,102,109.192,162,-3.8261,280,NA,17.24,138,17.83,256,17.64,7,17.79,8
"114","Sunday, March 29",2026,"UNC Wilmington",0,"CAA","Takayo Siddle",27,7,5.0541,114,0.6305,114,111.349,130,112.916,88,106.295,110,102.908,59,66.0957,291,65.1924,298,0.0572,49,-4.4574,253,106.927,273,111.384,236,-8.5342,349,NA,18.8,314,17.35,139,18.67,10,17.46,4
"115","Sunday, March 29",2026,"St. Thomas",0,"Sum","Johnny Tauer",24,10,4.9371,115,0.6257,115,112.944,108,115.963,51,108.007,142,104.862,84,69.702,104,68.3434,125,-0.0321,273,-5.6122,275,107.1,264,112.712,306,-1.3636,219,NA,16.91,95,17.51,175,16.88,1,17.54,5
"116","Sunday, March 29",2026,"Liberty",0,"CUSA","Ritchie McKay",26,8,4.6541,116,0.6138,121,117.879,58,116.605,42,113.225,256,110.872,239,64.5106,341,64.1114,338,0.1347,3,-0.824,168,108.245,209,109.069,155,0.4233,163,NA,18.6,300,18.38,342,18.48,9,18.39,11
"117","Sunday, March 29",2026,"Maryland",0,"B10","Buzz Williams",12,21,4.6318,117,0.6198,117,111.342,131,104.028,272,106.711,121,114.662,321,66.6703,259,66.2573,245,0.0163,137,14.8352,12,117.64,15,102.805,9,1.5275,133,NA,18.82,316,17.2,103,19.57,16,17.83,2
"118","Sunday, March 29",2026,"UT Rio Grande Valley",0,"Slnd","Kahil Fennell",19,14,4.6069,118,0.6194,118,111.092,136,109.656,143,106.485,115,104.714,81,66.5243,269,66.4084,233,-0.0561,321,-1.4608,185,107.84,239,109.301,165,8.2099,26,NA,17.89,221,17.48,170,18.25,7,17.99,6
"119","Sunday, March 29",2026,"North Dakota St.",14,"Sum","Dave Richman",27,8,4.5763,119,0.6181,119,111.617,127,113.859,73,107.041,125,103.339,65,68.1769,192,66.6091,224,0.0538,55,-5.5917,273,106.671,279,112.263,287,-1.3481,217,"NCAA",17.56,180,17.67,218,17.89,8,18.19,9
"120","Sunday, March 29",2026,"Southern Illinois",0,"MVC","Scott Nagy",16,16,4.4716,120,0.6239,116,103.843,275,102.905,290,99.3714,29,99.5664,23,69.7171,103,68.9097,95,-0.0941,355,1.5095,122,109.853,131,108.343,132,-0.1902,185,NA,16.46,51,17.87,266,16.82,3,17.94,7
"121","Sunday, March 29",2026,"UC San Diego",0,"BW","Clint Allard",23,11,4.3276,121,0.6156,120,107.841,195,106.888,209,103.513,68,101.226,35,69.7555,101,67.2265,188,0.0099,159,-1.451,183,107.756,244,109.207,163,0.0224,180,NA,16.91,94,17.46,166,17.1,6,17.32,9
"122","Sunday, March 29",2026,"Rutgers",0,"B10","Steve Pikiell",14,19,4.1894,122,0.6091,122,110.75,142,104.774,256,106.56,118,111.879,267,66.5327,267,66.8716,209,0.0426,73,11.2334,48,115.205,55,103.972,38,-7.6477,340,NA,17.91,225,18.22,323,18.24,7,18.01,4
"123","Sunday, March 29",2026,"San Francisco",0,"WCC","Chris Gerlufsen",17,16,4.0252,123,0.6022,123,113.667,100,110.23,130,109.642,185,109.913,215,66.73,255,66.0236,255,-0.0058,205,3.7179,102,110.732,104,107.014,96,0.0843,178,NA,18.48,286,17.54,181,18.54,10,17.28,3
"124","Sunday, March 29",2026,"Duquesne",0,"A10","Dru Joyce",18,15,3.7846,124,0.5984,124,111.014,138,109.105,159,107.23,131,107.797,158,69.3469,126,68.6174,111,-0.0123,218,2.6754,107,110.552,106,107.876,121,-6.649,322,NA,17.04,106,17.61,199,17.57,5,17.94,6
"125","Sunday, March 29",2026,"Murray St.",0,"MVC","Ryan Miller",20,13,3.7409,125,0.593,127,116.132,75,114.886,64,112.391,243,110.994,245,72.2727,21,71.6746,11,0.0366,90,1.2531,125,109.855,130,108.602,138,-4.2501,287,NA,16.15,35,17.03,68,16.43,2,17.38,4
"126","Sunday, March 29",2026,"UAB",0,"Amer","Andy Kennedy",20,12,3.7182,126,0.5975,125,110.153,152,109.671,141,106.435,113,104.463,78,70.3073,81,69.081,87,0.0065,174,-0.7349,166,108.789,175,109.524,171,-5.5595,306,NA,16.8,83,17.21,106,17.01,6,17.08,2
"127","Sunday, March 29",2026,"Florida Atlantic",0,"Amer","John Jakus",18,15,3.5473,127,0.5932,126,109.966,156,108.62,171,106.419,111,106.232,110,70.2356,84,69.6075,67,-0.0339,279,1.9299,114,110.043,120,108.113,127,2.5779,109,NA,16.5,53,17.5,172,16.58,3,17.17,3
"128","Sunday, March 29",2026,"Utah",0,"B12","Alex Jensen",10,22,3.3993,128,0.5857,129,114.67,87,108.708,169,111.27,214,115.982,336,68.0177,199,65.9797,261,-0.0119,216,11.629,46,115.494,49,103.865,35,-0.0653,182,NA,18.53,293,16.68,26,19.22,15,16.88,3
"129","Sunday, March 29",2026,"Fresno St.",0,"MWC","Vance Walberg",13,19,3.3786,129,0.5906,128,107.748,201,104.423,265,104.369,83,106.095,106,69.3524,124,68.1652,135,-0.0781,343,4.8451,96,112.333,86,107.488,107,-3.4253,272,NA,17.28,145,17.18,96,17.29,5,17.48,3
"130","Sunday, March 29",2026,"Bradley",0,"MVC","Brian Wardle",21,13,3.1478,130,0.5812,130,112.031,120,110.022,134,108.883,163,106.49,119,67.5615,221,67.0598,196,0.0377,85,0.5955,137,108.881,170,108.285,130,-5.647,308,NA,17.44,161,17.88,268,17.76,5,17.74,6
"131","Sunday, March 29",2026,"Toledo",0,"MAC","Tod Kowalczyk",19,15,3.019,131,0.5762,131,114.538,90,114.901,63,111.519,223,111.453,256,69.4422,117,67.8343,152,-0.0549,319,-1.1624,173,109.617,142,110.78,211,1.9093,120,NA,16.6,67,17.88,267,16.53,3,18.31,13
"132","Sunday, March 29",2026,"UC Santa Barbara",0,"BW","Joe Pasternack",18,14,2.981,132,0.5757,132,113.777,99,112.717,93,110.796,209,108.132,168,67.0774,241,64.3899,327,-0.0674,333,-1.4526,184,107.212,262,108.665,141,-0.6878,195,NA,18.72,309,16.92,51,19.09,11,16.29,3
"133","Sunday, March 29",2026,"Memphis",0,"Amer","Penny Hardaway",13,19,2.7675,133,0.5745,133,107.441,207,104.481,263,104.673,87,106.543,121,71.4063,36,70.1953,37,-0.0529,317,5.4636,88,112.308,87,106.844,93,10.5151,17,NA,16.39,46,17.33,134,16,1,17.72,10
"134","Sunday, March 29",2026,"Montana St.",0,"BSky","Matt Logie",18,14,2.7377,134,0.5713,136,110.968,140,111.381,111,108.23,145,108.133,169,67.3584,229,65.8913,266,-0.0827,345,-0.4869,161,110.31,113,110.797,212,5.9316,48,NA,18.41,280,17.38,142,18.41,8,17.62,7
"135","Sunday, March 29",2026,"Rhode Island",0,"A10","Archie Miller",16,16,2.708,135,0.5738,134,106.096,230,104.863,253,103.388,67,102.452,51,66.0308,295,65.7392,272,-0.0476,307,0.7544,133,109.488,149,108.733,147,-5.7579,311,NA,17.73,198,18.36,340,17.9,7,18.41,11
"136","Sunday, March 29",2026,"North Texas",0,"Amer","Daniyal Robinson",19,14,2.6429,136,0.5737,135,103.65,279,102.566,299,101.008,43,100.923,34,66.0493,293,65.0528,306,0.0101,158,0.9736,128,110.103,119,109.129,159,-0.1468,183,NA,18.61,302,17.62,204,18.64,10,17.51,6
"137","Sunday, March 29",2026,"St. Bonaventure",0,"A10","Mark Schmidt",17,17,2.4554,137,0.5623,137,113.936,96,111.889,105,111.481,220,110.706,234,67.5079,223,67.3184,183,-0.0438,301,1.4703,123,109.314,154,107.843,120,-4.5926,294,NA,17.23,137,18.23,326,17.28,4,18.13,8
"138","Sunday, March 29",2026,"Penn St.",0,"B10","Mike Rhoades",12,20,2.4238,138,0.5613,138,114.236,93,109.483,147,111.812,228,117.702,345,67.4637,225,67.5163,174,-0.0122,217,10.7344,55,115.834,43,105.1,66,-7.4899,337,NA,17.19,130,18.42,343,17.6,4,18.04,5
"139","Sunday, March 29",2026,"Wright St.",14,"Horz","Clint Sargent",23,12,2.3739,139,0.561,139,112.591,114,115.389,54,110.217,197,109.404,206,68.8955,156,67.1897,191,0.0029,184,-3.581,229,109.677,137,113.258,325,0.5413,160,"NCAA",17.98,232,16.92,52,17.9,8,17.11,3
"140","Sunday, March 29",2026,"Washington St.",0,"WCC","David Riley",12,20,2.1451,140,0.5544,140,114.016,95,109.634,144,111.871,230,112.193,273,68.9335,153,67.8702,147,-0.094,354,4.6905,97,110.828,103,106.137,85,4.718,72,NA,16.87,90,18.05,298,17.07,3,17.99,11
"141","Sunday, March 29",2026,"Robert Morris",0,"Horz","Andrew Toole",22,11,1.758,141,0.5458,141,110.846,141,114.067,71,109.088,167,108.553,179,66.1239,289,64.4904,324,0.0293,108,-4.7171,258,108.946,165,113.663,340,-1.7177,227,NA,18.69,307,17.59,195,18.77,10,17.44,7
"142","Sunday, March 29",2026,"Navy",0,"PL","Jon Perry",26,8,1.6516,142,0.5443,142,107.75,200,112.465,94,106.099,109,99.2896,21,65.218,325,65.1444,300,0.0428,70,-11.7462,360,103.477,339,115.223,362,-9.7874,359,NA,18.5,290,18.1,306,18.87,9,18.39,9
"143","Sunday, March 29",2026,"Northern Colorado",0,"BSky","Steve Smiley",20,12,1.574,143,0.5405,143,112.239,117,113.566,79,110.665,206,109.645,209,70.024,93,68.7273,104,-0.0239,246,-2.6022,213,108.883,168,111.485,238,-0.7582,196,NA,16.89,91,17.45,162,16.75,2,17.78,8
"144","Sunday, March 29",2026,"Bowling Green",0,"MAC","Todd Simon",18,14,1.3744,144,0.537,144,107.291,210,109.23,151,105.917,104,102.681,53,70.1667,88,68.3753,124,-0.0948,356,-3.7032,233,108.135,217,111.839,258,-6.6559,323,NA,17.3,148,16.73,29,17.36,7,16.91,2
"145","Sunday, March 29",2026,"William & Mary",0,"CAA","Brian Earl",20,12,1.3566,145,0.5353,145,111.025,137,110.984,122,109.668,187,107.27,137,73.5696,9,72.5931,7,0.0245,122,-2.4653,209,108.152,215,110.617,209,0.1921,171,NA,13.68,1,18.78,357,13.8,1,19.26,13
"146","Sunday, March 29",2026,"Winthrop",0,"BSth","Mark Prosser",23,11,1.3126,146,0.5339,147,111.834,123,113.181,84,110.522,204,107.925,161,71.6942,29,69.9966,45,0.0251,121,-4.7965,260,106.959,271,111.756,256,0.8246,151,NA,16.52,56,16.91,50,17.11,6,16.4,1
"147","Sunday, March 29",2026,"Arkansas St.",0,"SB","Ryan Pannone",20,12,1.2774,147,0.5333,148,110.687,146,111.347,113,109.409,178,106.411,117,72.559,15,71.9976,10,0.0079,169,-4.1173,245,107.098,265,111.216,228,2.4046,112,NA,15.25,7,17.77,245,15.29,1,17.87,9
"148","Sunday, March 29",2026,"Portland St.",0,"BSky","Jase Coburn",20,11,1.2611,148,0.5352,146,103.476,281,106.079,227,102.215,58,102.03,43,69.0148,149,68.0037,141,0.0082,167,-2.4703,210,109.642,140,112.112,275,1.0213,142,NA,17.77,207,17.04,69,18.11,7,17.28,3
"149","Sunday, March 29",2026,"Kennesaw St.",14,"CUSA","Antoine Pettway",21,14,1.1878,149,0.531,149,110.711,145,110.391,128,109.523,181,108.086,166,71.783,28,71.0943,21,0.003,183,-1.588,190,108.412,198,110,181,-5.3093,303,"NCAA",16.16,36,17.33,136,16.54,2,17.95,8
"150","Sunday, March 29",2026,"Troy",13,"SB","Scott Cross",22,12,1.1696,150,0.5306,151,110.405,149,111.11,119,109.236,174,107.017,130,66.8304,250,64.8211,314,0.0465,64,-2.7738,217,107.802,242,110.576,206,3.8284,86,"NCAA",18.06,241,17.66,213,18.54,11,18.23,11
"151","Sunday, March 29",2026,"Harvard",0,"Ivy","Tommy Amaker",17,12,1.1387,151,0.5308,150,106.617,221,107.956,184,105.478,101,103.688,70,63.9382,357,63.0014,359,-0.0151,226,-3.7377,234,107.825,241,111.563,243,-5.3309,304,NA,18.88,321,18.59,353,19.5,7,18.76,8
"152","Sunday, March 29",2026,"Central Arkansas",0,"ASun","John Shulman",22,12,1.1302,152,0.5296,153,110.198,151,113.381,81,109.067,166,108.054,165,68.9259,155,67.9867,143,0.0409,78,-5.7269,278,109.033,162,114.76,358,5.2869,60,NA,17.23,135,17.29,123,17.21,6,17.91,8
"153","Sunday, March 29",2026,"Richmond",0,"A10","Chris Mooney",15,17,1.0803,153,0.5279,154,111.59,128,111.109,120,110.509,203,108.785,189,68.451,175,67.6793,164,-0.0921,351,-0.1037,151,109.187,159,109.29,164,-9.1942,357,NA,17.62,185,17.39,149,17.85,6,18.14,9
"154","Sunday, March 29",2026,"UT Arlington",0,"WAC","K.T. Turner",18,14,1.0715,154,0.5301,152,102.703,290,100.667,320,101.632,49,100.545,31,66.5177,272,64.8593,310,0.0305,105,0.2439,147,108.738,180,108.495,136,3.1218,97,NA,18.65,304,16.74,30,18.87,7,17.27,2
"155","Sunday, March 29",2026,"Penn",14,"Ivy","Fran McCaffery",18,12,1.0289,155,0.5276,155,107.647,203,107.256,203,106.618,120,107.426,139,68.7943,159,69.1034,84,0.0897,19,-0.1433,152,109.696,136,109.839,177,0.3874,164,"NCAA",16.62,68,18.22,324,16.68,2,18.26,5
"156","Sunday, March 29",2026,"Idaho",15,"BSky","Alex Pribble",21,15,1.0064,156,0.5268,156,108.424,183,109.223,152,107.417,137,107.161,132,69.1292,140,67.8308,153,0.0059,178,-1.4883,187,109.559,145,111.048,223,0.2696,168,"NCAA",17.87,219,17.06,72,16.99,3,17.59,6
"157","Sunday, March 29",2026,"Towson",0,"CAA","Pat Skerry",19,15,0.8527,157,0.5232,157,105.824,238,104.625,259,104.972,91,103.537,68,63.8695,358,63.4669,347,0.0117,155,-1.3548,180,108.828,173,110.183,194,2.5402,111,NA,18.83,317,18.53,348,18.32,8,18.84,12
"158","Sunday, March 29",2026,"Valparaiso",0,"MVC","Roger Powell",18,15,0.8064,158,0.5215,158,108.123,187,105.898,230,107.317,134,106.339,115,66.1176,290,65.1462,299,0.0406,79,0.4114,138,109.1,160,108.689,144,-6.3305,319,NA,18.25,261,18,287,18.36,8,18.33,9
"159","Sunday, March 29",2026,"Boston College",0,"ACC","Earl Grant",11,20,0.7691,159,0.5214,159,103.67,277,99.9754,328,102.901,65,104.96,86,66.331,283,65.9818,259,-0.0353,282,6.0898,84,112.969,82,106.88,94,-7.6077,339,NA,18.61,301,17.26,117,19.05,17,16.88,1
"160","Sunday, March 29",2026,"Temple",0,"Amer","Adam Fisher",16,16,0.7444,160,0.5192,161,111.937,121,111.261,116,111.192,213,108.637,183,65.4125,319,64.9224,307,-0.0729,338,-1.5084,188,107.631,250,109.139,161,-3.2745,267,NA,18.94,323,17.84,258,19.44,13,17.58,9
"161","Sunday, March 29",2026,"Kent St.",0,"MAC","Rob Senderoff",24,10,0.7338,161,0.519,162,111.186,135,111.998,101,110.452,201,109.866,214,72.01,25,70.2653,33,0.1399,2,-2.5253,212,109.392,153,111.917,263,-3.736,278,NA,16.43,47,17.13,83,16.91,4,17.24,6
"162","Sunday, March 29",2026,"Fordham",0,"A10","Mike Magpayo",17,15,0.7261,162,0.52,160,104.896,257,104.196,267,104.169,80,102.385,47,64.5411,340,64.4064,325,-0.0557,320,-2.1622,201,107.905,235,110.067,187,-16.3158,365,NA,19.51,355,17.39,148,20.07,14,16.96,1
"163","Sunday, March 29",2026,"UC Davis",0,"BW","Jim Les",19,14,0.6972,163,0.5186,163,108.004,191,106.35,222,107.307,133,105.972,105,71.2914,39,68.9594,91,0.0396,82,-0.6449,165,108.071,222,108.716,145,1.4304,135,NA,16.54,61,17.14,87,16.78,4,16.98,8
"164","Sunday, March 29",2026,"East Tennessee St.",0,"SC","Brooks Savage",23,11,0.5877,164,0.5154,165,109.821,160,114.698,65,109.234,172,104.953,85,66.5234,270,66.0832,251,-0.0207,239,-8.0983,319,106.751,277,114.849,359,-4.396,289,NA,18.25,260,17.78,247,18.44,8,17.81,7
"165","Sunday, March 29",2026,"Loyola Marymount",0,"WCC","Stan Johnson",15,17,0.5837,165,0.5158,164,106.536,222,105.123,249,105.952,106,105.342,94,68.1241,196,66.9682,202,-0.0446,302,0.2774,146,109.602,143,109.324,166,-6.0628,314,NA,17.61,184,17.65,212,17.48,5,17.92,10
"166","Sunday, March 29",2026,"Cornell",0,"Ivy","Jon Jaques",15,13,0.3543,166,0.5085,166,119.933,45,119.521,18,119.579,343,117.622,344,71.2681,40,71.2456,19,-0.0317,271,-1.7806,196,108.14,216,109.921,178,-0.9412,204,NA,15.2,5,18.54,349,15.68,1,18.54,7
"167","Sunday, March 29",2026,"Western Kentucky",0,"CUSA","Hank Plona",18,14,0.2855,167,0.5076,167,108.821,180,108.932,163,108.535,153,107.749,153,70.9267,55,69.8633,51,0.0081,168,-0.8052,167,109.661,138,110.466,203,1.4339,134,NA,16.71,73,17.09,76,17.13,4,17.48,3
"168","Sunday, March 29",2026,"Oakland",0,"Horz","Greg Kampe",16,16,0.2669,168,0.5067,168,115.387,81,114.638,66,115.12,293,116.463,339,71.1149,47,69.8443,53,0.016,138,-0.2991,153,110.381,111,110.68,210,17.0098,1,NA,17,101,16.86,39,16.85,4,17.3,6
"169","Sunday, March 29",2026,"Georgia Tech",0,"ACC","Damon Stoudamire",11,20,0.2041,169,0.5055,169,107.54,205,102.788,294,107.336,135,108.017,164,71.6297,30,70.6885,24,-0.0394,292,5.6902,87,111.761,96,106.071,84,-9.9964,360,NA,16.18,37,17.46,165,16.34,2,17.27,3
"170","Sunday, March 29",2026,"Cal St. Fullerton",0,"BW","Dedrique Taylor",18,16,0.0394,170,0.501,170,109.325,167,106.608,215,109.286,176,108.987,194,75.4547,2,72.8371,5,0.0468,63,0.8731,131,109.311,155,108.437,134,5.6997,51,NA,14.74,3,17.15,90,14.93,2,17.58,11
"171","Sunday, March 29",2026,"Eastern Washington",0,"BSky","Dan Monson",14,19,-0.2392,171,0.4939,171,113.114,105,111.956,103,113.353,259,113.665,306,68.9305,154,67.6758,165,-0.0606,326,0.3926,140,109.862,129,109.469,169,7.2532,39,NA,17.22,133,17.65,207,17.38,6,18.31,10
"172","Sunday, March 29",2026,"Charleston",0,"CAA","Chris Mack",21,11,-0.3271,172,0.4913,172,108.096,188,109.235,150,108.423,147,107.373,138,68.2796,189,67.6525,167,0.1048,13,-2.4463,207,108.819,174,111.265,229,-1.7516,228,NA,17.45,165,17.68,220,17.37,3,17.61,7
"173","Sunday, March 29",2026,"Austin Peay",0,"ASun","Corey Gipson",22,9,-0.3293,173,0.4913,173,108.137,186,113.065,86,108.467,148,106.149,107,70.1198,89,69.3933,74,0.0332,100,-6.8679,294,108.277,208,115.145,361,1.9013,121,NA,16.54,59,17.56,185,16.02,2,17.97,9
"174","Sunday, March 29",2026,"Texas A&M Corpus Chris",0,"Slnd","Jim Shaw",18,15,-0.365,174,0.49,174,104.872,258,102.839,292,105.237,97,103.744,71,66.5517,265,66.0241,254,0.0026,186,-0.4004,155,108.672,187,109.072,156,15.5754,2,NA,18.38,276,17.29,124,18.44,9,17.59,3
"175","Sunday, March 29",2026,"Middle Tennessee",0,"CUSA","Nicholas McDevitt",17,15,-0.4907,175,0.4871,175,109.331,166,107.856,187,109.822,189,109.261,200,66.5966,262,65.8083,270,0.0119,154,0.735,134,109.635,141,108.9,150,10.8582,14,NA,18.3,268,17.83,255,18.37,8,18.2,9
"176","Sunday, March 29",2026,"Northern Kentucky",0,"Horz","Darrin Horn",20,14,-0.5067,176,0.4868,176,109.664,162,113.588,77,110.171,195,110.21,225,70.8828,59,70.2185,35,-0.0219,241,-4.5455,256,109.967,124,114.512,356,-4.4268,290,NA,15.84,21,18.23,328,15.84,1,18.22,10
"177","Sunday, March 29",2026,"CSUN",0,"BW","Andy Newman",20,14,-0.6442,177,0.4831,177,108.927,177,106.739,213,109.572,182,107.491,141,75.3302,3,73.5753,2,0.0777,25,-0.4552,159,107.827,240,108.282,129,0.5627,158,NA,15.24,6,16.82,35,15.24,3,16.43,5
"178","Sunday, March 29",2026,"Merrimack",0,"MAAC","Joe Gallo",23,11,-0.6558,178,0.4824,178,106.699,218,106.59,217,107.354,136,103.076,62,63.7594,359,63.4665,348,0.1149,10,-5.8103,281,105.194,299,111.005,221,2.8502,103,NA,18.48,285,19.08,363,19.03,11,18.98,13
"179","Sunday, March 29",2026,"Oregon St.",0,"WCC","Wayne Tinkle",17,16,-0.8406,179,0.478,179,109.201,173,105.885,231,110.042,191,110.622,231,66.1879,285,65.1257,302,0.0969,18,2.7293,106,110.132,117,107.403,104,-2.0404,232,NA,18.54,294,17.62,206,18.54,9,17.9,9
"180","Sunday, March 29",2026,"Siena",16,"MAAC","Gerry McNamara",23,12,-1.0497,180,0.4722,180,107.828,196,109.556,146,108.877,162,102.184,44,64.2377,350,64.6464,321,-0.0041,200,-8.8193,332,103.388,340,112.207,282,-7.948,344,"NCAA",19.21,341,18.18,313,18.99,10,18.75,12
"181","Sunday, March 29",2026,"Monmouth",0,"CAA","King Rice",19,15,-1.067,181,0.4713,181,106.119,228,105.771,232,107.186,128,104.439,77,67.1949,236,67.111,195,0.0132,148,-2.9388,219,107.131,263,110.069,188,-3.9758,282,NA,17.6,183,17.86,264,17.58,5,17.98,10
"182","Sunday, March 29",2026,"Charlotte",0,"Amer","Aaron Fearne",17,17,-1.1691,182,0.4705,182,113.336,103,111.568,108,114.505,285,113.348,298,64.3769,348,63.4179,349,0.024,126,0.6233,135,109.393,152,108.77,149,-0.9801,207,NA,19.07,334,18.14,307,19.15,12,18.17,12
"183","Sunday, March 29",2026,"New Mexico St.",0,"CUSA","Jason Hooten",16,16,-1.3614,183,0.4644,183,108.948,175,108.888,165,110.309,198,108.476,177,67.2645,234,66.9417,204,-0.0612,328,-1.352,179,108.369,204,109.721,174,0.6353,155,NA,17.82,213,17.75,235,17.76,5,17.87,6
"184","Sunday, March 29",2026,"Furman",15,"SC","Bob Richey",22,13,-1.4185,184,0.4626,184,108.177,185,111.647,107,109.596,184,107.781,157,66.4578,277,65.9913,258,0.0063,175,-5.6439,276,108.413,197,114.057,348,-0.7669,197,"NCAA",18.21,255,17.71,227,18.49,9,17.9,8
"185","Sunday, March 29",2026,"Campbell",0,"CAA","John Andrzejek",16,18,-1.6987,185,0.4565,185,111.197,134,108.471,175,112.896,251,112.57,280,70.0184,94,69.7658,59,0.0093,163,0.3298,144,109.051,161,108.721,146,7.1925,40,NA,17.09,118,17.22,108,17.52,4,17.4,3
"186","Sunday, March 29",2026,"Queens",15,"ASun","Grant Leonard",21,14,-1.8009,186,0.4557,186,115.783,78,118.861,24,117.584,327,117.869,347,70.6256,71,69.6457,63,0.0732,28,-5.1059,266,108.93,166,114.036,346,5.4324,55,"NCAA",15.99,28,17.98,284,15.88,1,18.31,11
"187","Sunday, March 29",2026,"UMBC",16,"AE","Jim Ferry",24,9,-1.8199,187,0.4525,187,108.943,176,112.982,87,110.763,208,102.191,45,66.52,271,66.3246,240,0.0285,111,-14.611,365,100.653,364,115.264,363,-7.1344,332,"NCAA",17.31,150,18.63,354,17.22,1,19.4,9
"188","Sunday, March 29",2026,"Mercer",0,"SC","Ryan Ridder",19,13,-1.8705,188,0.4525,188,111.917,122,115.379,55,113.788,268,111.702,264,69.4565,115,68.9387,93,-0.0206,238,-5.5025,271,108.279,206,113.781,345,3.6932,89,NA,16.77,79,17.58,193,16.34,1,18.36,9
"189","Sunday, March 29",2026,"Utah Tech",0,"WAC","Jon Judkins",19,15,-1.9522,189,0.45,189,110.981,139,106.936,208,112.934,252,110.161,221,68.0793,198,66.3351,239,0.0993,17,0.3938,139,107.296,260,106.902,95,3.3075,93,NA,17.18,129,18.17,311,17.21,3,18.53,7
"190","Sunday, March 29",2026,"Montana",0,"BSky","Travis DeCuire",18,16,-1.9952,190,0.447,191,106.768,217,106.782,211,108.764,160,109.093,198,71.0563,50,69.6217,65,0.0469,62,-0.6106,164,109.934,128,110.545,205,4.8852,69,NA,17.09,116,16.66,24,17.35,5,17.27,2
"191","Sunday, March 29",2026,"Tennessee St.",15,"OVC","Nolan Smith",23,10,-2.0398,191,0.447,190,109.266,171,109.695,140,111.305,215,105.093,90,70.8279,61,70.5134,28,0.0841,20,-7.7175,311,103.572,335,111.29,233,5.3973,57,"NCAA",16.58,63,17.32,131,16.34,2,17.84,7
"192","Sunday, March 29",2026,"FIU",0,"CUSA","Jeremy Ballard",15,17,-2.0596,192,0.4457,192,107.587,204,107.459,196,109.646,186,109.089,197,71.4631,31,71.586,14,-0.0512,312,-1.3906,181,108.73,182,110.12,190,-0.3989,192,NA,15.6,13,18,289,15.83,1,18.24,10
"193","Sunday, March 29",2026,"Columbia",0,"Ivy","Kevin Hovde",16,12,-2.0966,193,0.4452,193,108.561,182,110.196,131,110.658,205,108.621,181,67.129,237,66.7357,218,0.0122,152,-3.8534,236,108.006,226,111.859,260,-5.7603,312,NA,18.73,311,16.83,36,19.23,6,16.9,1
"194","Sunday, March 29",2026,"New Orleans",0,"Slnd","Stacy Hollowell",15,18,-2.2138,194,0.4429,194,109.826,159,106.336,223,112.04,234,110.979,242,69.645,109,69.7535,60,0.0376,86,0.3098,145,108.229,212,107.919,123,13.7486,5,NA,17.85,217,16.63,21,17.82,4,16.86,1
"195","Sunday, March 29",2026,"Appalachian St.",0,"SB","Dustin Kerns",19,13,-2.3097,195,0.4383,195,105.978,232,107.633,192,108.288,146,104.81,83,64.0742,354,63.0167,358,0.0151,141,-5.734,279,106.962,270,112.696,304,-3.3553,270,NA,19.58,358,17.76,239,19.73,14,17.48,5
"196","Sunday, March 29",2026,"Howard",16,"MEAC","Kenny Blakeney",24,11,-2.6589,196,0.4285,197,104.87,259,108.802,167,107.529,138,99.8322,26,69.2481,128,69.0698,88,0.0041,181,-13.3401,364,101.294,363,114.634,357,-2.041,233,"NCAA",17.29,146,17.26,116,16.7,2,17.57,3
"197","Sunday, March 29",2026,"Louisiana Tech",0,"CUSA","Talvin Hester",20,14,-2.6797,197,0.4268,200,103.161,286,103.788,275,105.841,103,103.903,72,64.6941,337,64.2978,332,0.0502,59,-3.0058,222,108.079,221,111.085,224,-7.2816,335,NA,18.52,292,18.54,350,18.23,7,18.67,12
"198","Sunday, March 29",2026,"Massachusetts",0,"MAC","Frank Martin",17,16,-2.7088,198,0.4297,196,108.766,181,109.884,137,111.475,219,108.529,178,71.167,46,69.9674,47,-0.0449,303,-4.0027,240,107.722,245,111.724,255,-6.9171,330,NA,16.76,76,17.25,115,16.92,5,17.3,7
"199","Sunday, March 29",2026,"Drake",0,"MVC","Eric Henderson",14,20,-2.8283,199,0.4275,198,109.936,157,108.008,183,112.764,250,111.656,263,67.849,211,67.2418,186,-0.0604,325,1.642,121,109.273,157,107.631,113,-4.5364,292,NA,17.89,223,17.4,153,17.6,4,17.48,5
"200","Sunday, March 29",2026,"South Alabama",0,"SB","Richie Riley",21,12,-2.8555,200,0.425,202,107.24,211,108.744,168,110.096,193,106.178,109,65.6781,310,64.6371,322,0.053,57,-5.5504,272,106.525,280,112.076,272,-5.4438,305,NA,17.74,202,18.5,345,17.86,8,18.64,13
"201","Sunday, March 29",2026,"Lipscomb",0,"ASun","Kevin Carroll",19,13,-2.892,201,0.4239,203,106.936,214,110.186,132,109.828,190,108.788,190,70.4841,76,69.3638,75,0.0436,69,-5.4728,270,108.748,179,114.221,354,4.4422,77,NA,16.26,39,17.58,192,16.32,3,18.5,12
"202","Sunday, March 29",2026,"Marist",0,"MAAC","John Dunne",19,12,-2.8994,202,0.4184,207,99.7661,327,103.138,284,102.665,63,95.867,3,66.4928,274,66.3524,238,-0.0272,253,-8.9886,336,103.971,321,112.96,313,-7.7194,342,NA,17.64,187,18.35,339,17.45,3,18.71,10
"203","Sunday, March 29",2026,"Buffalo",0,"MAC","George Halcovage",17,15,-2.913,203,0.427,199,112.479,116,113.805,75,115.392,298,112.71,286,67.5635,220,66.5199,232,-0.0283,257,-3.9311,238,107.449,254,111.38,235,-6.8309,329,NA,17.47,169,18,286,17.55,8,17.79,11
"204","Sunday, March 29",2026,"Weber St.",0,"BSky","Eric Duft",16,16,-2.9164,204,0.4263,201,111.543,129,111.793,106,114.46,282,111.898,268,69.836,99,68.5205,117,-0.0312,270,-2.4604,208,108.124,218,110.585,207,-1.5525,222,NA,17.12,122,17.21,107,17.33,4,17.33,4
"205","Sunday, March 29",2026,"Missouri St.",0,"CUSA","Cuonzo Martin",16,18,-2.9559,205,0.4238,204,109.166,174,108.654,170,112.122,236,110.271,226,66.3373,282,65.4877,284,-0.0428,299,-1.6949,194,108.101,220,109.795,176,-1.3573,218,NA,18.04,238,18.07,299,17.93,6,17.92,7
"206","Sunday, March 29",2026,"Indiana St.",0,"MVC","Matthew Graves",11,21,-3.0061,206,0.4204,205,106.209,224,103.332,281,109.215,171,107.668,149,68.332,182,68.046,138,-0.1097,362,0.9223,130,108.606,189,107.684,115,-5.6242,307,NA,17.71,197,17.31,128,17.96,6,17.29,3
"207","Sunday, March 29",2026,"Portland",0,"WCC","Shantay Legans",15,19,-3.1124,207,0.4177,208,106.122,226,102.26,301,109.234,173,111.359,254,69.6964,105,68.4808,118,0.064,41,3.2124,103,111.02,101,107.808,116,0.1826,172,NA,17.43,160,17.22,111,17.91,8,17.79,7
"208","Sunday, March 29",2026,"Jacksonville St.",0,"CUSA","Ray Harper",15,17,-3.1965,208,0.4149,209,105.342,248,105.664,239,108.538,154,106.634,124,65.7659,304,65.3626,288,-0.0569,322,-2.9772,220,107.878,236,110.855,214,-6.5782,320,NA,18.73,310,17.65,210,18.91,11,17.36,2
"209","Sunday, March 29",2026,"Marshall",0,"SB","Cornelius Jackson",19,13,-3.2212,209,0.4193,206,112.109,118,113.99,72,115.33,297,111.6,260,70.6827,66,69.3212,76,0.0338,96,-4.4846,255,107.374,255,111.859,259,-1.3885,221,NA,15.48,11,18.32,335,15.38,2,18.82,14
"210","Sunday, March 29",2026,"Tulane",0,"Amer","Ron Hunter",18,15,-3.4212,210,0.4112,211,107.928,193,105.174,248,111.35,216,110.175,222,67.9207,205,66.8976,207,0.1213,7,0.2107,148,108.378,201,108.167,128,-4.0774,285,NA,17.02,105,18.3,334,16.95,5,17.97,11
"211","Sunday, March 29",2026,"Green Bay",0,"Horz","Doug Gottlieb",18,15,-3.4885,211,0.4132,210,112.679,111,113.638,76,116.168,308,116.434,338,64.7061,336,62.8873,360,0.0643,39,-2.3157,206,109.937,127,112.253,286,5.7867,50,NA,19.65,360,17.31,130,19.74,11,17.13,4
"212","Sunday, March 29",2026,"Samford",0,"SC","Lennie Acuff",18,14,-3.8159,212,0.403,212,109.769,161,112.459,96,113.585,264,111.219,250,68.4488,176,67.2654,185,0.0092,164,-6.059,284,107.998,227,114.057,349,0.0058,181,NA,17.5,174,17.38,143,17.55,4,17.71,5
"213","Sunday, March 29",2026,"Youngstown St.",0,"Horz","Ethan Faulkner",15,17,-3.845,213,0.3987,215,105.66,241,109.127,157,109.505,179,108.841,191,68.6308,167,67.2333,187,-0.0921,352,-3.9118,237,109.54,146,113.452,336,-1.7069,226,NA,18.02,235,17.07,74,18.36,9,17.05,2
"214","Sunday, March 29",2026,"Cal Poly",0,"BW","Mike DeGeorge",14,19,-3.8637,214,0.4016,213,109.448,165,106.412,219,113.311,258,111.955,271,76.0992,1,73.9918,1,-0.0029,198,0.8513,132,108.46,194,107.608,112,4.9034,68,NA,14.53,2,17.27,118,14.55,1,17.48,10
"215","Sunday, March 29",2026,"LIU",16,"NEC","Rod Strickland",24,11,-3.9672,215,0.3957,216,105.73,239,107.671,189,109.697,188,104.378,76,68.2123,190,67.8408,150,0.1215,6,-9.392,345,103.959,323,113.351,328,1.9003,122,"NCAA",17.22,134,17.79,248,17.46,3,18.53,6
"216","Sunday, March 29",2026,"James Madison",0,"SB","Preston Spradlin",18,15,-3.9739,216,0.3987,214,109.202,172,110.64,124,113.175,255,110.05,218,67.0184,244,66.016,256,0.0173,133,-5.172,268,106.512,281,111.684,251,-3.0352,262,NA,18.51,291,17.17,95,18.43,10,17.62,8
"217","Sunday, March 29",2026,"Detroit Mercy",0,"Horz","Mark Montgomery",17,15,-4.0862,217,0.3949,217,108.065,189,109.439,148,112.152,238,112.596,281,69.7525,102,68.7931,101,0.0667,36,-2.5244,211,109.655,139,112.18,279,7.368,38,NA,17.45,164,17.01,64,17.38,7,17.2,5
"218","Sunday, March 29",2026,"Quinnipiac",0,"MAAC","Tom Pecora",19,13,-4.1047,218,0.3909,218,104.374,265,105.302,243,108.479,151,102.807,57,69.7726,100,69.8965,50,0.0271,115,-7.5332,307,104.04,319,111.573,244,0.9022,149,NA,16.48,52,18.21,322,16.71,1,18.74,11
"219","Sunday, March 29",2026,"Southern Miss",0,"SB","Jay Ladner",19,16,-4.253,219,0.3881,219,105.334,249,105.556,240,109.587,183,106.665,125,69.6181,111,69.3079,77,0.0426,72,-3.9806,239,107.037,268,111.018,222,0.9046,148,NA,17.69,193,16.8,32,17.58,7,16.57,2
"220","Sunday, March 29",2026,"Tarleton St.",0,"WAC","Billy Gillispie",14,18,-4.4643,220,0.3818,222,104.315,267,101.547,308,108.78,161,106.54,120,70.2145,85,69.2461,78,-0.0408,294,0.3799,141,107.713,248,107.333,102,3.6248,90,NA,17.34,154,16.86,40,17.31,5,17.66,5
"221","Sunday, March 29",2026,"South Dakota St.",0,"Sum","Bryan Petersen",14,18,-4.6186,221,0.3819,221,108.014,190,109.193,154,112.633,248,109.42,208,67.9108,207,66.7863,214,-0.1169,365,-3.6453,232,107.491,252,111.137,226,2.1171,115,NA,17.49,171,17.75,238,17.58,6,18.16,8
"222","Sunday, March 29",2026,"San Jose St.",0,"MWC","Tim Miles",9,24,-4.6513,222,0.3856,220,112.506,115,107.244,204,117.158,318,120.357,359,65.7593,306,65.1209,303,-0.0119,215,7.2846,80,113.06,81,105.775,80,1.6348,129,NA,18.99,327,17.51,174,19.01,9,17.88,5
"223","Sunday, March 29",2026,"Drexel",0,"CAA","Zach Spiker",17,16,-4.8251,223,0.3706,224,102.375,296,103.191,282,107.2,129,103.331,64,65.207,326,64.2289,334,0.0028,185,-4.7394,259,106.258,285,110.998,220,-8.1205,346,NA,19.24,344,17.39,147,19.71,13,17.58,6
"224","Sunday, March 29",2026,"Tennessee Martin",0,"OVC","Jeremy Shulman",22,11,-4.9008,224,0.3664,226,100.485,320,102.624,297,105.385,99,97.8176,10,65.9541,298,64.1898,336,0.0476,60,-9.0524,339,102.852,353,111.904,262,0.1284,177,NA,18.46,284,17.67,216,18.24,6,18.47,11
"225","Sunday, March 29",2026,"Rice",0,"Amer","Rob Lanier",13,18,-4.9893,225,0.374,223,108.877,179,106.425,218,113.867,270,113.234,296,66.7303,254,65.5189,279,0.0093,162,-0.3081,154,108.732,181,109.04,153,-2.2725,241,NA,18.39,278,17.3,126,18.92,11,17.54,8
"226","Sunday, March 29",2026,"San Diego",0,"WCC","Steve Lavin",12,21,-5.1098,226,0.3704,225,108.272,184,104.686,258,113.382,260,113.131,295,68.7953,158,68.0275,140,0.0035,182,1.9277,115,109.521,148,107.593,111,-2.4332,252,NA,17.73,200,17.2,104,17.56,6,17.04,2
"227","Sunday, March 29",2026,"Western Carolina",0,"SC","Tim Craft",15,16,-5.4683,227,0.3632,227,109.307,169,111.173,117,114.776,287,113.564,301,68.7552,163,67.8049,156,-0.0148,225,-4.0845,243,108.768,177,112.852,310,9.4053,19,NA,18,234,16.96,57,18.36,7,17.69,4
"228","Sunday, March 29",2026,"La Salle",0,"A10","Darris Nichols",9,23,-5.5743,228,0.3567,228,105.937,235,100.788,318,111.512,222,112.684,284,66.4137,279,65.8209,268,-0.0285,258,5.255,90,111.277,99,106.022,83,3.7572,87,NA,18.43,282,17.5,173,18.38,10,17.73,5
"229","Sunday, March 29",2026,"Stony Brook",0,"CAA","Geno Ford",17,15,-5.6754,229,0.3534,232,105.219,253,104.69,257,110.894,210,107.684,151,66.4038,280,66.2844,244,0.064,40,-3.3126,227,106.742,278,110.055,185,-4.5653,293,NA,18.29,266,17.61,200,18.35,9,17.81,8
"230","Sunday, March 29",2026,"Ohio",0,"MAC","Jeff Boals",15,17,-5.7041,230,0.3562,229,107.973,192,108.014,182,113.677,266,112.53,278,70.3451,78,68.8572,99,0.0253,119,-1.6702,193,108.7,185,110.37,199,0.7751,152,NA,17.11,120,17.38,141,16.99,6,17.49,10
"231","Sunday, March 29",2026,"Elon",0,"CAA","Billy Taylor",14,18,-5.8616,231,0.3552,230,110.112,153,111.08,121,115.974,304,114.415,316,67.9892,200,66.8286,211,-0.0301,266,-2.7448,216,108.231,210,110.976,218,-3.2694,266,NA,17.74,201,17.6,198,17.81,6,17.86,9
"232","Sunday, March 29",2026,"Long Beach St.",0,"BW","Chris Acker",10,22,-5.9243,232,0.3481,234,105.622,243,102.172,303,111.547,224,110.194,223,70.8915,58,68.53,115,-0.0297,265,0.6072,136,108.45,196,107.843,119,4.3949,78,NA,17.4,158,16.62,20,17.4,10,16.17,2
"233","Sunday, March 29",2026,"Southeast Missouri",0,"OVC","Brad Korn",20,13,-5.9487,233,0.3429,235,102.209,298,104.533,260,108.158,144,102.782,56,69.9208,98,68.9075,96,0.0314,103,-8.3955,326,103.898,327,112.294,289,4.081,82,NA,16.82,85,17.6,197,16.96,3,18.07,9
"234","Sunday, March 29",2026,"Georgia Southern",0,"SB","Charlie Henry",21,16,-6.0689,234,0.3507,233,110.292,150,111.326,114,116.361,310,111.911,269,71.0937,48,70.0971,42,0.0567,50,-6.0374,283,105.782,293,111.82,257,-6.8114,328,NA,16.44,49,17.31,129,16.5,3,17.61,7
"235","Sunday, March 29",2026,"Denver",0,"Sum","Tim Bergstraser",15,17,-6.2352,235,0.3539,231,116.052,76,116.112,47,122.287,359,120.99,360,69.403,122,67.871,146,0.0074,171,-2.1734,204,108.769,176,110.942,216,7.5927,33,NA,17.6,182,17.22,110,17.71,7,17.32,4
"236","Sunday, March 29",2026,"Charleston Southern",0,"BSth","Saah Nimley",15,17,-6.2724,236,0.3404,236,105.961,234,107.64,191,112.233,239,107.459,140,73.3305,10,71.5698,15,-0.0898,349,-6.4464,291,105.995,289,112.441,294,-5.7049,309,NA,16.1,32,16.63,22,16.32,2,16.63,3
"237","Sunday, March 29",2026,"Nicholls",0,"Slnd","Tevon Saddler",14,19,-6.2925,237,0.3398,237,105.841,237,104.124,268,112.134,237,110.526,230,68.3301,183,68.2089,133,0.0437,66,-0.4068,156,108.277,207,108.684,143,9.1325,20,NA,17.34,153,17.57,186,17.57,3,17.59,2
"238","Sunday, March 29",2026,"Lamar",0,"Slnd","Alvin Brooks",12,19,-6.32,238,0.3355,239,103.189,285,103.509,279,109.509,180,106.448,118,65.8032,302,65.6067,275,-0.0892,348,-2.9971,221,106.953,272,109.95,179,-1.0009,209,NA,17.89,220,18.21,319,18.34,8,18.31,8
"239","Sunday, March 29",2026,"Vermont",0,"AE","John Becker",22,12,-6.434,239,0.337,238,106.191,225,110.625,126,112.625,247,105.3,93,64.4347,347,64.8739,309,0.0078,170,-11.1609,357,102.956,349,114.117,350,-2.5851,254,NA,18.7,308,18.3,333,18.87,6,18.13,5
"240","Sunday, March 29",2026,"American",0,"PL","Duane Simpkins",16,16,-6.4704,240,0.3354,240,105.626,242,108.209,178,112.096,235,108.732,186,66.6771,258,66.7105,219,-0.0244,247,-8.2484,324,105.172,300,113.42,333,0.5043,161,NA,18.23,256,17.65,208,18.49,8,18.3,7
"241","Sunday, March 29",2026,"Bethune Cookman",0,"SWAC","Reggie Theus",17,15,-6.4882,241,0.3323,243,103.708,276,103.937,273,110.197,196,107.645,148,70.9259,57,69.0855,86,0.069,33,-7.2728,302,104.84,307,112.113,276,13.4378,7,NA,17.28,144,16.64,23,17.05,7,16.81,3
"242","Sunday, March 29",2026,"UNC Asheville",0,"BSth","Mike Morrell",15,17,-6.5003,242,0.3339,241,105.006,255,105.669,238,111.506,221,108.979,193,67.0966,239,64.7654,316,-0.0164,228,-3.7496,235,107.946,232,111.695,253,0.9255,146,NA,19.25,346,16.69,28,19.85,9,16.56,2
"243","Sunday, March 29",2026,"Eastern Michigan",0,"MAC","Stan Heath",10,21,-6.5572,243,0.328,245,101.921,303,101.912,305,108.479,150,107.768,155,68.3704,179,66.5509,228,-0.0963,357,-0.912,169,109.532,147,110.444,201,1.6281,130,NA,18.28,263,16.91,49,18.3,11,17.03,3
"244","Sunday, March 29",2026,"Florida Gulf Coast",0,"ASun","Pat Chambers",16,18,-6.5766,244,0.3331,242,105.689,240,109.614,145,112.266,241,111.398,255,69.0723,143,67.5683,170,-0.0291,261,-6.0813,285,107.969,230,114.05,347,0.2223,170,NA,17.25,139,17.32,132,17.18,5,17.97,10
"245","Sunday, March 29",2026,"Abilene Christian",0,"WAC","Brette Tanner",14,19,-6.6162,245,0.3255,246,101.177,312,98.2806,341,107.793,140,106.582,123,68.934,152,67.8369,151,0.0291,109,-0.0979,150,108.191,214,108.289,131,0.5812,157,NA,17.69,194,16.88,44,17.05,2,17.5,4
"246","Sunday, March 29",2026,"Texas St.",0,"SB","Terrence Johnson",19,13,-6.6794,246,0.3284,244,104.067,272,105.488,241,110.747,207,106.308,114,67.3153,231,66.0413,253,0.0838,21,-7.1066,298,105.31,298,112.417,293,-9.3053,358,NA,17.74,204,17.67,217,17.52,6,17.92,10
"247","Sunday, March 29",2026,"Coastal Carolina",0,"SB","Justin Gray",19,13,-6.7681,247,0.3232,250,101.94,302,102.729,295,108.708,158,105.255,92,68.3414,181,66.8486,210,0.1323,4,-5.1405,267,106.783,275,111.924,264,-2.155,237,NA,18.67,306,16.62,19,19.31,13,16.5,1
"248","Sunday, March 29",2026,"Old Dominion",0,"SB","Mike K. Jones",12,21,-7.0206,248,0.3237,248,106.114,229,107.198,205,113.135,253,110.929,240,70.2952,82,68.9769,90,-0.0734,340,-3.3091,225,108.23,211,111.539,242,4.4611,76,NA,17.15,124,16.91,47,17.01,4,16.77,3
"249","Sunday, March 29",2026,"Colgate",0,"PL","Matt Langel",18,15,-7.1363,249,0.3236,249,107.811,197,110.235,129,114.947,289,111.465,257,66.8786,248,66.9063,206,0.0436,67,-7.3213,304,106.043,288,113.364,329,5.2254,62,NA,17.45,162,18.22,325,17.2,1,18.57,10
"250","Sunday, March 29",2026,"East Carolina",0,"Amer","Mike Schwartz",11,20,-7.1599,250,0.3173,254,103.92,274,102.253,302,111.08,212,110.944,241,69.151,138,68.6177,110,-0.0056,203,-0.476,160,109.586,144,110.062,186,-3.1887,264,NA,17.55,178,17.15,91,17.49,8,17.54,7
"251","Sunday, March 29",2026,"Wofford",0,"SC","Kevin Giltner",19,13,-7.2016,251,0.3244,247,109.309,168,113.854,74,116.51,311,114.185,312,68.4052,178,67.8039,157,0.0732,29,-7.7206,312,107.99,228,115.71,365,-4.526,291,NA,17.74,203,17.23,112,17.67,5,17.42,1
"252","Sunday, March 29",2026,"Southern Utah",0,"WAC","Rob Jeter",10,22,-7.2312,252,0.3198,252,106.625,220,101.533,309,113.856,269,113.663,305,70.8312,60,70.2649,34,-0.0529,316,1.7978,116,108.499,193,106.701,91,5.3682,58,NA,17.06,111,16.68,27,17.27,4,16.75,1
"253","Sunday, March 29",2026,"Saint Peter's",0,"MAAC","Bashir Mason",17,12,-7.2525,253,0.3142,255,103.237,284,104.834,254,110.49,202,104.553,79,65.5309,316,65.5417,278,0.0659,37,-8.0164,317,104.002,320,112.019,270,-1.1488,212,NA,19.02,331,17.76,240,18.94,8,18.08,5
"254","Sunday, March 29",2026,"Princeton",0,"Ivy","Mitch Henderson",9,20,-7.2632,254,0.3174,253,105.482,246,104.07,270,112.745,249,111.276,252,64.5005,342,63.5351,345,-0.0767,342,-1.2703,176,108.905,167,110.175,193,-0.7799,198,NA,20.04,364,17.3,127,20.79,8,17.83,2
"255","Sunday, March 29",2026,"Idaho St.",0,"BSky","Ryan Looney",13,20,-7.3212,255,0.322,251,109.466,164,109.337,149,116.787,316,115.599,331,67.0283,243,65.5135,280,-0.0353,283,-1.1374,172,108.872,171,110.009,182,3.0577,99,NA,19,328,16.94,53,18.52,9,17.46,5
"256","Sunday, March 29",2026,"Iona",0,"MAAC","Dan Geriot",18,14,-7.5411,256,0.3092,257,104.146,270,106.18,225,111.687,226,105.012,88,68.5063,173,68.7711,102,0.0411,76,-8.7419,331,103.961,322,112.702,305,-3.4647,273,NA,17.49,172,17.49,171,18.33,7,17.86,2
"257","Sunday, March 29",2026,"Radford",0,"BSth","Zach Chu",16,16,-7.5441,257,0.3127,256,106.451,223,108.93,164,113.995,273,109.794,211,72.4257,17,70.6173,26,-0.0356,285,-7.2403,300,105.861,290,113.101,320,-6.8075,327,NA,16.13,33,17.03,65,16.46,3,17.28,4
"258","Sunday, March 29",2026,"SIUE",0,"OVC","Brian Barone",19,13,-7.6694,258,0.2987,262,99.5576,332,102.528,300,107.227,130,99.6468,24,65.6044,313,64.377,329,-0.0071,209,-11.0982,356,102.299,357,113.397,331,-8.0106,345,NA,18.25,262,18.17,312,18.35,7,18.25,10
"259","Sunday, March 29",2026,"Purdue Fort Wayne",0,"Horz","Jon Coffman",17,15,-7.7586,259,0.3066,259,105.479,247,107.337,202,113.238,257,114.208,313,69.0319,147,67.6917,161,0.1182,8,-1.9497,198,110.456,108,112.406,292,7.5263,35,NA,17.15,126,17.68,221,17.24,6,17.69,8
"260","Sunday, March 29",2026,"Fairfield",0,"MAAC","Chris Casey",21,13,-7.8616,260,0.3052,260,106.027,231,108.363,176,113.889,271,106.965,128,67.0848,240,66.9666,203,0.0778,24,-9.6352,350,102.892,352,112.527,295,-8.9189,352,NA,17.5,173,18.25,329,17.62,4,18.3,8
"261","Sunday, March 29",2026,"UC Riverside",0,"BW","Gus Argenal",10,22,-7.921,261,0.3007,261,103.991,273,100.813,317,111.912,231,111.555,259,71.0537,51,68.4636,119,-0.0476,308,1.0889,126,109.196,158,108.107,126,6.1153,47,NA,17.53,176,16.27,6,17.34,9,16.44,6
"262","Sunday, March 29",2026,"Boston University",0,"PL","Joe Jones",17,17,-8.1708,262,0.3076,258,111.8,125,114.476,68,119.971,348,114.155,311,63.4459,361,63.1457,355,-0.0223,243,-8.9281,333,104.122,317,113.05,317,-5.1154,300,NA,19.49,353,18.19,315,19.26,10,18.1,3
"263","Sunday, March 29",2026,"Pepperdine",0,"WCC","Ed Schilling",9,23,-8.3013,263,0.2947,265,105.291,251,100.205,324,113.592,265,113.75,307,69.4309,118,68.6296,109,-0.0183,232,2.5771,111,110.028,121,107.451,106,-2.5215,253,NA,17.45,166,17.16,93,17.12,4,17.01,1
"264","Sunday, March 29",2026,"Nebraska Omaha",0,"Sum","Chris Crutchfield",16,17,-8.3031,264,0.296,264,106.122,227,107.35,200,114.425,279,112.763,287,68.6278,168,66.988,201,0.0334,98,-3.312,226,108.404,199,111.716,254,2.7739,105,NA,18.19,252,16.75,31,17.91,9,16.92,2
"265","Sunday, March 29",2026,"Incarnate Word",0,"Slnd","Shane Heirman",12,19,-8.4907,265,0.2967,263,108.92,178,107.546,194,117.411,323,114.786,323,65.3893,320,65.4952,281,-0.0281,256,-1.7152,195,107.364,256,109.079,157,6.6562,43,NA,19.15,339,17.53,179,19.22,12,17.63,4
"266","Sunday, March 29",2026,"Sacramento St.",0,"BSky","Mike Bibby",10,21,-8.5666,266,0.2901,266,105.866,236,104.287,266,114.433,280,114.834,324,72.2908,20,71.6178,13,-0.0222,242,0.9404,129,110.361,112,109.421,168,8.4952,24,NA,15.96,27,17.22,109,16.02,1,17.11,1
"267","Sunday, March 29",2026,"Lindenwood",0,"OVC","Kyle Gerdeman",18,15,-8.5919,267,0.2803,269,100.527,319,101.824,307,109.119,169,102.764,55,73.0225,11,72.3915,8,0.0171,134,-9.1732,341,103.022,348,112.195,280,1.8766,124,NA,15.43,10,17.38,145,15.19,1,17.75,5
"268","Sunday, March 29",2026,"Milwaukee",0,"Horz","Bart Lundy",12,20,-8.7907,268,0.2868,267,106.626,219,108.217,177,115.416,299,115.734,333,69.0742,142,67.3809,180,0.0128,149,-1.803,197,110.402,110,112.205,281,6.18,46,NA,16.59,65,18.19,317,16.78,3,18.59,11
"269","Sunday, March 29",2026,"Presbyterian",0,"BSth","Quinton Ferrell",15,18,-8.8916,269,0.2791,270,103.357,282,104.469,264,112.249,240,108.99,195,66.0647,292,64.1751,337,-0.0203,237,-4.9884,263,107.096,266,112.084,273,-2.2588,240,NA,18.3,267,17.95,280,18.18,8,17.71,8
"270","Sunday, March 29",2026,"Longwood",0,"BSth","Ronnie Thomas",16,16,-8.9404,270,0.2786,271,103.656,278,106.119,226,112.596,246,106.867,127,69.4124,121,68.4559,120,-0.0355,284,-8.4296,327,104.542,310,112.972,314,-10.7722,363,NA,16.73,74,17.75,236,17.3,7,17.52,6
"271","Sunday, March 29",2026,"Central Michigan",0,"MAC","Andy Bronkema",10,21,-9.1796,271,0.2778,272,105.966,233,104.938,251,115.145,294,113.889,308,68.3224,185,67.1615,192,-0.0983,358,-1.9845,199,108.22,213,110.205,195,1.2607,136,NA,18.2,253,17.07,75,17.87,9,17.18,5
"272","Sunday, March 29",2026,"Hampton",0,"CAA","Ivan Thomas",13,19,-9.3445,272,0.2682,276,102.446,295,101.867,306,111.79,227,108.281,173,65.9952,296,65.3489,291,-0.0132,222,-4.1482,246,106.242,286,110.39,200,-7.6857,341,NA,18.49,289,17.57,189,18.91,11,17.46,5
"273","Sunday, March 29",2026,"Western Michigan",0,"MAC","Dwayne Stephens",10,21,-9.3493,273,0.2776,273,107.788,198,106.594,216,117.137,317,115.849,334,69.0477,146,67.7493,159,-0.0358,287,-1.6698,192,108.374,203,110.043,183,-2.3555,250,NA,18.14,248,16.6,15,18.32,12,16.71,1
"274","Sunday, March 29",2026,"UTEP",0,"CUSA","Joe Golding",11,20,-9.3781,274,0.2649,278,101.052,313,99.794,329,110.43,200,109.402,205,65.9818,297,65.4928,282,0.0105,157,-0.4083,157,108.727,183,109.136,160,3.2404,96,NA,18.59,298,17.65,209,18.65,10,17.83,4
"275","Sunday, March 29",2026,"Mount St. Mary's",0,"MAAC","Donny Lind",15,17,-9.391,275,0.2619,279,99.599,330,100.119,326,108.99,165,104.346,75,67.6712,214,67.5242,172,0.028,114,-7.2469,301,104.37,314,111.617,246,0.6028,156,NA,17.39,157,17.94,277,17.66,5,18.21,7
"276","Sunday, March 29",2026,"Dartmouth",0,"Ivy","Dave McLaughlin",11,16,-9.4676,276,0.27,274,104.825,260,105.227,244,114.292,277,112.623,283,69.1586,136,69.5476,68,1e-04,192,-2.6063,214,108.378,202,110.984,219,-4.6996,295,NA,16.95,97,17.87,265,17.32,3,17.97,3
"277","Sunday, March 29",2026,"Southern",0,"SWAC","Kevin Johnson",17,17,-9.5546,277,0.2685,275,104.916,256,105.364,242,114.471,283,110.984,244,71.4241,34,69.9783,46,0.0596,45,-6.4222,290,105.099,302,111.521,240,15.2828,3,NA,16.36,45,17.18,97,16.29,2,17.29,9
"278","Sunday, March 29",2026,"Bellarmine",0,"ASun","Doug Davenport",13,19,-9.7555,278,0.284,268,116.535,72,118.459,29,126.291,365,124.752,365,66.14,287,64.659,320,-0.0131,221,-5.078,265,108.395,200,113.473,338,1.9743,118,NA,19.01,329,17.03,66,19.16,11,17.12,3
"279","Sunday, March 29",2026,"North Dakota",0,"Sum","Paul Sather",18,17,-9.8163,279,0.2668,277,106.819,216,106.655,214,116.635,313,114.299,314,69.2362,129,67.2095,190,0.1114,12,-4.176,247,107.697,249,111.873,261,-0.8049,199,NA,17.62,186,17.18,98,17.49,4,17.58,6
"280","Sunday, March 29",2026,"Loyola Chicago",0,"A10","Drew Valentine",9,24,-9.8511,280,0.2603,280,103.615,280,101.194,314,113.467,261,114.751,322,65.8788,299,65.5468,277,0.0573,48,2.9315,105,110.51,107,107.579,110,-4.8107,296,NA,18.57,296,17.94,276,18.75,12,16.99,2
"281","Sunday, March 29",2026,"Prairie View A&M",16,"SWAC","Byron Smith",19,18,-10.1685,281,0.2496,284,101.238,311,103.018,287,111.406,218,107.815,160,72.488,16,70.6838,25,0.0347,93,-8.9802,335,103.813,330,112.793,308,8.6282,23,"NCAA",16.53,58,16.57,14,16.22,1,16.68,2
"282","Sunday, March 29",2026,"Northwestern St.",0,"Slnd","Rick Cabrera",10,22,-10.2128,282,0.2509,282,102.34,297,101.094,315,112.553,245,111.511,258,65.1522,329,64.7839,315,-0.0126,219,-1.1766,174,107.575,251,108.751,148,7.4768,36,NA,18.66,305,17.89,270,18.62,10,18.07,7
"283","Sunday, March 29",2026,"Morehead St.",0,"OVC","Jonathan Mattox",20,13,-10.4948,283,0.254,281,106.877,215,107.045,207,117.372,320,111.819,266,66.8491,249,65.3421,293,0.1605,1,-7.3606,305,103.929,325,111.289,232,5.6745,52,NA,18.84,318,17.05,70,19.4,11,17.53,3
"284","Sunday, March 29",2026,"South Dakota",0,"Sum","Eric Peterson",16,16,-10.5077,284,0.2491,285,104.343,266,107.347,201,114.851,288,112.834,289,71.4197,35,69.8525,52,0.0558,53,-6.1866,286,106.763,276,112.949,312,-3.9315,281,NA,17.02,104,16.84,37,17.55,5,17.03,3
"285","Sunday, March 29",2026,"Mercyhurst",0,"NEC","Gary Manchel",17,17,-10.5998,285,0.2416,286,101.36,309,103.718,277,111.96,232,104.644,80,64.5761,338,64.8308,313,-0.0134,223,-10.9707,354,102.621,354,113.592,339,0.0444,179,NA,19.66,361,17.16,94,19.31,7,18.01,2
"286","Sunday, March 29",2026,"Southeastern Louisiana",0,"Slnd","David Kiefer",9,22,-10.6177,286,0.2381,290,99.7506,328,98.5202,339,110.368,199,108.419,176,65.6395,311,65.4925,283,-0.0058,204,-1.1779,175,107.864,237,109.042,154,4.884,70,NA,18.03,237,18.21,321,17.9,5,18.53,11
"287","Sunday, March 29",2026,"Northeastern",0,"CAA","Bill Coen",7,24,-10.7575,287,0.2504,283,107.529,206,107.101,206,118.287,333,115.932,335,69.6542,108,69.6101,66,-0.061,327,-2.1649,202,107.984,229,110.149,192,-1.1749,213,NA,17.07,114,17.39,150,17.15,2,17.37,2
"288","Sunday, March 29",2026,"East Texas A&M",0,"Slnd","Jaret Von Rosenberg",11,21,-10.8086,288,0.2366,292,100.799,316,98.4375,340,111.607,225,110.703,233,68.5075,172,68.2043,134,6e-04,190,-1.0405,171,107.956,231,108.997,152,6.6596,42,NA,17.27,142,17.71,228,17.3,2,18.45,10
"289","Sunday, March 29",2026,"Brown",0,"Ivy","Mike Martin",9,18,-10.9315,289,0.2286,295,98.0159,342,98.7539,338,108.947,164,106.294,113,66.6899,257,66.533,230,-0.0502,311,-4.2785,249,107.721,246,111.999,268,-8.9174,351,NA,17.64,188,18.2,318,17.4,4,18.24,4
"290","Sunday, March 29",2026,"North Carolina A&T",0,"CAA","Monte Ross",11,19,-11.0773,290,0.2403,287,105.234,252,106.358,221,116.311,309,113.293,297,69.1315,139,68.527,116,-0.0232,244,-4.0704,242,107.356,258,111.426,237,-8.9251,353,NA,17.79,210,16.96,58,18.06,7,17.05,1
"291","Sunday, March 29",2026,"Delaware",0,"CUSA","Martin Ingelsby",10,21,-11.093,291,0.2389,288,104.652,262,103.887,274,115.745,302,113.579,303,63.9676,355,63.1807,354,0.0065,173,-2.8218,218,107.471,253,110.292,197,-7.1368,333,NA,20.09,365,17.43,158,20.51,12,17.83,5
"292","Sunday, March 29",2026,"Lehigh",16,"PL","Brett Reed",18,17,-11.1359,292,0.233,294,102.003,301,104.511,261,113.139,254,108.245,171,66.5282,268,66.7448,217,0.0772,26,-9.0133,338,104.75,308,113.763,344,-0.806,200,"NCAA",18.06,242,18.01,290,18.26,5,18.18,5
"293","Sunday, March 29",2026,"Houston Christian",0,"Slnd","Craig Doty",12,20,-11.1528,293,0.2346,293,102.974,288,102.697,296,114.126,274,112.262,274,64.4454,345,64.3969,326,0.0344,95,-2.6906,215,107.359,257,110.05,184,-1.229,215,NA,18.97,326,17.93,275,19.11,11,17.97,5
"294","Sunday, March 29",2026,"Sacred Heart",0,"MAAC","Anthony Latina",14,19,-11.3907,294,0.2388,289,107.374,209,107.926,186,118.764,337,112.808,288,68.3541,180,68.4498,121,9e-04,188,-7.5928,309,104.09,318,111.683,250,-2.3058,246,NA,17.15,125,17.95,278,17.07,2,18.37,9
"295","Sunday, March 29",2026,"Ball St.",0,"MAC","Mike Lewis",12,19,-11.4921,295,0.2196,300,98.5744,339,100.083,327,110.066,192,108.313,174,65.3444,321,63.7233,343,-0.005,201,-4.4614,254,107.853,238,112.315,290,-6.7757,326,NA,18.89,322,17.77,244,18.94,13,18.03,12
"296","Sunday, March 29",2026,"Jacksonville",0,"ASun","Jordan Mincy",12,20,-11.5159,296,0.2284,296,103.15,287,105.756,234,114.666,286,113.998,309,65.1785,328,63.3843,350,-0.0295,264,-4.3286,252,108.883,169,113.212,323,5.0284,65,NA,19.29,348,17.3,125,19.62,12,17.56,7
"297","Sunday, March 29",2026,"Eastern Kentucky",0,"ASun","A.W. Hamilton",11,21,-11.64,297,0.2379,291,109.273,170,111.379,112,120.913,351,119.103,355,68.6832,166,67.3229,182,-0.0169,230,-4.2822,250,108.749,178,113.031,315,3.0732,98,NA,18.24,259,16.6,16,18.5,9,16.74,1
"298","Sunday, March 29",2026,"Grambling St.",0,"SWAC","Patrick Crarey",14,19,-11.6588,298,0.2133,302,97.0128,345,99.6595,331,108.672,157,102.699,54,69.3484,125,67.5983,169,-0.0528,315,-9.3189,342,103.263,346,112.582,299,1.9131,119,NA,16.97,98,17.73,231,16.86,6,17.62,11
"299","Sunday, March 29",2026,"Le Moyne",0,"NEC","Nate Champion",15,17,-11.7493,299,0.2223,298,102.139,299,104.888,252,113.889,272,106.546,122,69.1968,134,69.5409,69,-0.0183,233,-10.8032,353,102.591,355,113.394,330,-1.9231,230,NA,16.76,78,17.91,272,16.36,1,18.58,7
"300","Sunday, March 29",2026,"UNC Greensboro",0,"SC","Mike R. Jones",15,19,-12.0799,300,0.2276,297,107.733,202,110.801,123,119.813,346,118.1,350,68.6158,169,67.6907,162,0.0557,54,-6.2416,287,108.027,224,114.269,355,-1.1228,210,NA,17.35,155,17.47,169,17.12,3,17.8,6
"301","Sunday, March 29",2026,"Chattanooga",0,"SC","Dan Earl",13,19,-12.1694,301,0.2218,299,105.534,245,109.832,138,117.704,328,115.673,332,67.5828,217,67.2264,189,-0.0291,262,-7.1795,299,107.719,247,114.898,360,-2.8886,259,NA,17.05,110,18.52,347,16.91,2,18.49,10
"302","Sunday, March 29",2026,"USC Upstate",0,"BSth","Marty Richter",13,19,-12.2165,302,0.2082,306,99.1767,337,100.673,319,111.393,217,107.601,146,69.235,130,67.5196,173,0.0252,120,-5.5944,274,106.091,287,111.685,252,-1.6487,225,NA,17.11,121,17.54,182,17.07,5,17.59,7
"303","Sunday, March 29",2026,"Stetson",0,"ASun","Donnie Jones",12,21,-12.5488,303,0.215,301,105.301,250,105.731,235,117.85,329,117.4,343,67.8854,209,66.6934,220,0.0083,166,-4.0916,244,108.559,190,112.651,302,4.6502,75,NA,18.13,247,17.13,84,17.94,8,17.3,4
"304","Sunday, March 29",2026,"Wagner",0,"NEC","Dwan McMillan",14,17,-12.6014,304,0.2089,305,102.672,292,104.789,255,115.274,296,109.236,199,65.2725,323,65.4769,285,-0.0011,193,-9.1541,340,103.228,347,112.382,291,6.381,44,NA,18.49,287,18.18,314,18.71,6,18.67,9
"305","Sunday, March 29",2026,"Alabama A&M",0,"SWAC","Donte Jackson",18,15,-12.6159,305,0.2116,304,104.136,271,105.677,237,116.752,314,109.368,204,67.2989,232,65.3561,289,0.0583,46,-10.9841,355,102.059,360,113.043,316,-2.3047,245,NA,18.38,275,17,63,18.01,11,17.04,5
"306","Sunday, March 29",2026,"West Georgia",0,"ASun","Dave Moore",15,17,-12.6581,306,0.2059,307,101.627,307,105.987,229,114.285,275,113.445,299,70.1741,87,69.1965,81,0.0725,30,-7.0002,296,108.547,191,115.547,364,-0.1864,184,NA,17.46,168,16.61,17,17.44,7,17.32,5
"307","Sunday, March 29",2026,"Central Connecticut",0,"NEC","Patrick Sellers",18,12,-12.659,307,0.2123,303,104.799,261,107.725,188,117.458,326,109.839,213,65.189,327,65.0759,305,0.1165,9,-11.288,358,102.153,359,113.441,334,-2.1901,238,NA,18.36,274,18.27,331,18.21,4,18.83,10
"308","Sunday, March 29",2026,"Florida A&M",0,"SWAC","Charlie Ward",15,16,-12.9185,308,0.1942,316,98.0772,341,99.3173,335,110.996,211,105.849,103,70.3107,80,68.2628,128,0.0713,31,-8.977,334,103.805,332,112.782,307,7.5769,34,NA,17.36,156,16.61,18,17.81,10,16.89,4
"309","Sunday, March 29",2026,"Georgia St.",0,"SB","Jonas Hayes",10,22,-12.9669,309,0.1963,313,99.4408,335,99.4328,334,112.408,244,109.282,201,68.7856,161,67.8507,149,-0.0396,293,-4.2242,248,107.048,267,111.273,231,-0.5229,193,NA,17.56,179,17.19,100,17.96,9,17.51,6
"310","Sunday, March 29",2026,"Evansville",0,"MVC","David Ragland",7,25,-13.0459,310,0.2002,310,101.908,304,96.719,347,114.954,290,115.471,329,67.4034,227,67.0225,200,-0.0114,214,4.0976,99,110.711,105,106.613,89,3.2585,95,NA,18.76,312,16.94,55,19.01,11,16.8,1
"311","Sunday, March 29",2026,"Little Rock",0,"OVC","Darrell Walker",12,20,-13.0657,311,0.2017,309,102.795,289,102.13,304,115.861,303,109.824,212,67.5963,216,66.6577,223,-0.0327,274,-6.7782,293,103.369,343,110.148,191,4.3073,79,NA,18.03,236,17.14,88,17.78,4,17.59,4
"312","Sunday, March 29",2026,"Oral Roberts",0,"Sum","Kory Barnett",10,23,-13.1772,312,0.1983,311,102.03,300,102.956,288,115.207,295,114.51,318,69.227,132,67.7331,160,-0.0548,318,-2.2126,205,109.41,151,111.622,247,5.2155,63,NA,17.15,127,17.43,157,17.18,3,17.78,7
"313","Sunday, March 29",2026,"Arkansas Pine Bluff",0,"SWAC","Solomon Bozeman",13,19,-13.2152,313,0.202,308,104.161,269,104.075,269,117.376,321,114.367,315,71.2183,43,68.9529,92,0.0254,118,-5.6861,277,105.849,292,111.535,241,14.0985,4,NA,16.3,41,17.32,133,16.37,3,18.16,12
"314","Sunday, March 29",2026,"Texas Southern",0,"SWAC","Johnny Jones",12,18,-13.2439,314,0.1969,312,101.861,306,102.954,289,115.105,292,111.008,246,70.6339,69,68.8263,100,-0.0329,276,-8.7298,330,103.897,328,112.627,301,11.9944,11,NA,16.98,99,16.98,60,16.73,5,17.59,10
"315","Sunday, March 29",2026,"Louisiana",0,"SB","Quannas White",11,22,-13.3456,315,0.1918,318,100.183,322,99.5293,332,113.529,263,110.038,216,64.0841,353,63.2588,352,0.0328,101,-4.8215,261,106.333,284,111.155,227,-2.279,242,NA,19.36,352,18.03,294,19.19,12,18.3,12
"316","Sunday, March 29",2026,"Tennessee Tech",0,"OVC","John Pelphrey",13,18,-13.4377,316,0.1953,315,102.554,294,103.111,285,115.992,305,110.298,227,68.2839,188,66.8237,212,-0.0276,255,-7.9154,315,103.384,341,111.3,234,2.7225,107,NA,17.68,191,17.34,137,18.39,8,17.94,8
"317","Sunday, March 29",2026,"IU Indy",0,"Horz","Ben Howlett",7,25,-13.8095,317,0.1957,314,105.58,244,107.443,197,119.39,342,118.531,351,74.9572,4,73.2282,3,-0.0334,278,-3.5971,230,108.992,164,112.589,300,-1.1804,214,NA,15.82,19,16.23,5,16.73,2,16.95,1
"318","Sunday, March 29",2026,"Alabama St.",0,"SWAC","Tony Madlock",10,22,-14.3059,318,0.1756,322,99.3788,336,100.207,323,113.685,267,109.075,196,71.2573,41,69.5248,70,-0.0714,337,-6.9256,295,104.184,316,111.109,225,7.9817,28,NA,16.78,81,16.91,46,16.57,4,17.06,6
"319","Sunday, March 29",2026,"Cleveland St.",0,"Horz","Rob Summers",11,22,-14.5659,319,0.1922,317,109.52,163,110.078,133,124.085,362,124.406,364,71.3754,38,69.77,57,0.0401,81,-2.1347,200,109.798,133,111.932,265,3.949,85,NA,16.68,70,17.1,78,17.01,5,17.69,9
"320","Sunday, March 29",2026,"UMass Lowell",0,"AE","Pat Duquette",15,18,-14.6307,320,0.1777,320,102.648,293,104.487,262,117.279,319,112.381,276,68.8792,157,69.1854,82,0.0168,135,-9.4024,346,103.71,333,113.112,321,1.785,127,NA,17.69,192,17.13,86,17.67,5,17.79,2
"321","Sunday, March 29",2026,"Northern Arizona",0,"BSky","Shane Burcar",10,22,-14.7364,321,0.1811,319,105.111,254,104.048,271,119.847,347,118.863,353,65.5099,317,63.8116,342,0.0306,104,-1.5586,189,109.289,156,110.847,213,-0.268,188,NA,18.59,299,17.78,246,19.25,10,18.18,9
"322","Sunday, March 29",2026,"Albany",0,"AE","Dwayne Killings",11,21,-14.9275,322,0.1749,323,103.352,283,105.064,250,118.28,332,113.107,294,65.6388,312,65.2345,297,-0.0859,347,-7.5631,308,104.726,309,112.289,288,4.0753,83,NA,19.03,332,17.44,160,19.65,8,18.04,4
"323","Sunday, March 29",2026,"Eastern Illinois",0,"OVC","Marty Simmons",13,20,-14.9464,323,0.1612,327,96.9192,346,96.4597,350,111.866,229,107.95,162,66.2145,284,65.65,274,0.0368,89,-6.4652,292,104.478,311,110.944,217,12.0665,10,NA,18.35,271,17.61,201,18.12,5,17.77,6
"324","Sunday, March 29",2026,"Loyola MD",0,"PL","Josh Loeffler",12,20,-14.9512,324,0.1764,321,104.264,268,106.334,224,119.215,341,113.447,300,68.1396,195,68.221,132,-0.0275,254,-9.6111,348,103.807,331,113.418,332,-6.981,331,NA,17.53,175,17.39,152,17.64,2,17.64,1
"325","Sunday, March 29",2026,"Norfolk St.",0,"MEAC","Robert Jones",15,17,-15.2631,325,0.1664,324,101.494,308,103.441,280,116.757,315,107.771,156,69.1255,141,68.2252,131,-0.0189,234,-12.0156,361,101.301,362,113.317,327,0.1668,175,NA,17.27,141,17.6,196,16.82,3,17.82,7
"326","Sunday, March 29",2026,"Lafayette",0,"PL","Mike McGarvey",11,21,-15.3112,326,0.1643,325,100.77,318,102.888,291,116.081,307,112.055,272,66.9172,246,66.7912,213,0.0091,165,-7.9508,316,105.113,301,113.064,319,-0.8386,201,NA,18.16,251,17.66,214,18.28,6,18.08,2
"327","Sunday, March 29",2026,"Cal St. Bakersfield",0,"BW","Mike Scott",8,24,-15.5188,327,0.1638,326,101.887,305,99.2966,336,117.406,322,114.658,320,72.6288,14,70.078,43,0.0123,151,-0.0543,149,107.771,243,107.825,117,0.1732,173,NA,17.22,132,15.92,2,17.12,8,15.66,1
"328","Sunday, March 29",2026,"New Haven",0,"NEC","Ted Hotaling",14,17,-16.0184,328,0.1455,331,96.2645,350,96.7611,346,112.283,242,106.244,111,63.529,360,63.3371,351,0.0413,75,-9.621,349,102.91,351,112.531,296,2.768,106,NA,19.57,357,17.65,211,19.66,9,18.07,3
"329","Sunday, March 29",2026,"Manhattan",0,"MAAC","John Gallagher",12,20,-16.2494,329,0.1597,328,104.588,264,105.216,245,120.838,350,115.237,328,68.1202,197,67.8691,148,0.0533,56,-8.1939,322,103.38,342,111.574,245,-3.0105,261,NA,17.77,206,17.43,156,17.87,6,17.79,1
"330","Sunday, March 29",2026,"Holy Cross",0,"PL","Dave Paulsen",11,22,-16.5706,330,0.1482,330,100.882,315,103.145,283,117.453,325,113.577,302,65.796,303,65.5728,276,-0.007,208,-7.4129,306,105.859,291,113.271,326,-0.214,186,NA,18.24,257,18.08,304,18.33,7,18.24,6
"331","Sunday, March 29",2026,"Bucknell",0,"PL","John Griffin",10,23,-16.7753,331,0.1402,332,98.1808,340,99.4931,333,114.956,291,112.509,277,66.9718,245,66.928,205,0.0153,140,-6.3587,288,106.795,274,113.153,322,1.7626,128,NA,18.13,246,17.76,241,18.08,4,18.12,4
"332","Sunday, March 29",2026,"NJIT",0,"AE","Grant Billmeier",16,17,-16.8482,332,0.1361,334,96.633,348,97.6461,343,113.481,262,108.27,172,67.9035,208,67.8304,154,0.1148,11,-9.4559,347,103.362,344,112.818,309,0.8425,150,NA,17.45,163,17.7,225,17.39,2,18.43,6
"333","Sunday, March 29",2026,"Stonehill",0,"NEC","Chris Kraus",12,21,-17.2751,333,0.1211,340,91.8347,362,94.7903,357,109.11,168,103.044,61,66.57,263,66.3689,237,-0.0071,210,-10.5223,352,102.936,350,113.458,337,-3.5283,275,NA,18.41,279,17.76,242,18.27,5,18.65,8
"334","Sunday, March 29",2026,"Northern Illinois",0,"MAC","Rashon Burno",9,21,-17.4108,334,0.1304,335,97.0647,344,96.3432,351,114.475,284,114.134,310,68.9652,151,67.485,177,0.014,147,-1.4665,186,108.998,163,110.464,202,1.8994,123,NA,17.98,233,16.91,48,17.95,10,17.18,4
"335","Sunday, March 29",2026,"North Florida",0,"ASun","Bobby Kennen",7,25,-17.4866,335,0.1493,329,107.057,213,106.749,212,124.543,363,123.64,363,71.9545,26,70.4913,29,-0.0293,263,-3.6372,231,108.009,225,111.646,249,7.9215,29,NA,16.91,93,16.4,8,17.18,4,16.81,2
"336","Sunday, March 29",2026,"Fairleigh Dickinson",0,"NEC","Jack Castleberry",11,21,-17.5573,336,0.1366,333,100.967,314,101.253,313,118.524,334,112.355,275,64.1558,352,63.881,340,-0.0061,207,-8.7223,329,103.335,345,112.058,271,5.2382,61,NA,19.36,351,17.93,274,20.04,10,18.5,5
"337","Sunday, March 29",2026,"Niagara",0,"MAAC","Greg Paulus",8,22,-18.2387,337,0.1268,336,99.8367,326,100.163,325,118.075,330,113.099,293,63.0917,363,62.1336,365,-0.0379,290,-8.1937,321,103.951,324,112.144,278,-3.9785,283,NA,19.85,362,17.84,257,20.41,13,18.2,6
"338","Sunday, March 29",2026,"UTSA",0,"Amer","Austin Claunch",5,25,-18.3894,338,0.1253,337,99.8772,325,96.9736,345,118.267,331,119.006,354,69.6179,112,68.5702,113,-0.0013,194,1.4697,124,109.958,126,108.489,135,1.5838,132,NA,17.08,115,17.24,113,17.37,7,17.38,4
"339","Sunday, March 29",2026,"Army",0,"PL","Kevin Kuwik",11,21,-18.5803,339,0.1237,338,100.131,324,103.083,286,118.712,335,115.171,327,67.2649,233,67.1203,194,0.0441,65,-8.1944,323,105.509,297,113.704,341,-2.2946,243,NA,17.89,222,17.73,232,17.64,3,18.35,8
"340","Sunday, March 29",2026,"Jackson St.",0,"SWAC","Mo Williams",12,21,-18.7279,340,0.1223,339,100.199,321,97.9696,342,118.927,339,116.537,341,71.0593,49,69.4972,71,0.1005,16,-6.3745,289,104.894,305,111.268,230,13.4465,6,NA,17.84,216,15.82,1,17.52,8,16.13,1
"341","Sunday, March 29",2026,"Southern Indiana",0,"OVC","Stan Gouard",7,23,-18.7309,341,0.1132,343,95.554,354,97.1488,344,114.285,276,107.731,152,68.5142,171,67.5162,175,-0.1049,361,-8.5867,328,103.544,336,112.131,277,-2.0454,234,NA,17.9,224,16.94,54,18.54,10,17.36,2
"342","Sunday, March 29",2026,"Canisius",0,"MAAC","Jim Christian",10,21,-18.946,342,0.1109,344,95.5034,355,96.2957,352,114.449,281,110.308,229,64.3232,349,64.2298,333,0.0187,130,-7.8306,313,104.4,313,112.231,284,-3.2838,268,NA,19.11,337,17.92,273,18.95,9,18.02,4
"343","Sunday, March 29",2026,"North Alabama",0,"ASun","Tony Pujol",9,21,-19.3274,343,0.1151,341,99.59,331,102.606,298,118.917,338,117.926,348,65.5759,315,64.8387,312,0.0565,51,-5.0471,264,108.675,186,113.722,342,1.5844,131,NA,18.87,320,17.57,190,18.9,10,17.51,6
"344","Sunday, March 29",2026,"Chicago St.",0,"NEC","Landon Bussie",7,25,-19.4661,344,0.1136,342,99.5397,333,98.9773,337,119.006,340,115.514,330,65.7649,305,65.349,290,-0.032,272,-4.7043,257,105.663,294,110.367,198,10.7693,15,NA,19.32,349,17,61,19.53,8,17.86,1
"345","Sunday, March 29",2026,"Air Force",0,"MWC","Joe Scott",3,29,-19.6607,345,0.1049,346,95.9362,352,91.3003,363,115.597,301,118.661,352,67.3965,228,66.3082,242,2e-04,191,5.1829,92,112.204,88,107.021,97,-5.1474,301,NA,19.22,342,16.17,4,19.25,12,16.25,1
"346","Sunday, March 29",2026,"Alcorn St.",0,"SWAC","Jake Morton",9,23,-20.0218,346,0.1027,347,96.5349,349,96.1864,354,116.557,312,114.543,319,69.424,119,67.2867,184,0.0391,84,-5.2298,269,105.633,296,110.863,215,13.2632,9,NA,17.96,229,16.55,12,18.34,12,17.11,8
"347","Sunday, March 29",2026,"The Citadel",0,"SC","Ed Conroy",11,22,-20.1634,347,0.1094,345,100.794,317,102.79,293,120.957,352,119.485,357,64.7839,333,64.3769,330,0.028,113,-5.7822,280,107.941,233,113.723,343,-2.1154,236,NA,19.28,347,17.52,176,19.39,10,17.65,3
"348","Sunday, March 29",2026,"Maine",0,"AE","Chris Markwood",8,24,-20.2977,348,0.0911,353,91.6909,363,94.6313,358,111.989,233,105.567,97,64.8524,332,64.7499,317,-0.0308,267,-9.3804,344,103.854,329,113.235,324,-1.5587,223,NA,17.91,226,18.94,360,17.47,3,19.33,8
"349","Sunday, March 29",2026,"New Hampshire",0,"AE","Nathan Davis",9,21,-20.7111,349,0.0943,350,95.2929,357,96.5127,348,116.004,306,110.781,236,67.2165,235,67.4756,178,-0.0024,197,-8.319,325,104.245,315,112.564,298,5.0736,64,NA,17.57,181,18.01,293,17.49,4,18.53,7
"350","Sunday, March 29",2026,"Maryland Eastern Shore",0,"MEAC","Cleo Hill",9,23,-20.7295,350,0.0931,352,94.7264,358,95.2152,356,115.456,300,108.883,192,64.4468,344,63.1183,356,-0.052,313,-9.3679,343,103.693,334,113.061,318,4.787,71,NA,19.64,359,17.34,138,19.13,8,17.81,6
"351","Sunday, March 29",2026,"North Carolina Central",0,"MEAC","LeVelle Moton",14,18,-20.9842,351,0.1009,349,100.146,323,101.315,312,121.13,354,115.004,325,66.667,260,65.7916,271,0.0709,32,-10.3804,351,102.172,358,112.552,297,9.0626,21,NA,17.73,199,18.08,305,17.37,4,18.35,8
"352","Sunday, March 29",2026,"Louisiana Monroe",0,"SB","Phil Cunningham",4,28,-21.1083,352,0.1018,348,101.271,310,100.485,321,122.379,360,119.723,358,70.7063,65,70.1492,40,-0.0988,359,-4.0034,241,106.495,283,110.499,204,-1.6211,224,NA,17.06,112,16.86,41,17.11,5,17,4
"353","Sunday, March 29",2026,"Morgan St.",0,"MEAC","Kevin Broadus",14,16,-21.6522,353,0.0941,351,99.4717,334,100.838,316,121.124,353,112.996,292,70.7272,64,70.7196,23,0.1028,14,-12.8792,363,100.563,365,113.443,335,-1.7743,229,NA,16.54,60,17.52,177,15.62,1,17.73,5
"354","Sunday, March 29",2026,"Saint Francis",0,"NEC","Luke McConnell",7,24,-22.2383,354,0.0897,354,99.6305,329,99.7669,330,121.869,357,117.868,346,69.9877,95,69.9996,44,-0.025,249,-7.0103,297,104.923,304,111.933,266,7.0393,41,NA,17.05,108,17.2,102,16.64,2,18.13,4
"355","Sunday, March 29",2026,"Bryant",0,"AE","Jamion Christian",9,22,-22.9678,355,0.0794,355,96.7093,347,96.4977,349,119.677,345,112.613,282,64.4513,343,64.2177,335,0.0094,161,-8.1484,320,103.484,338,111.632,248,2.3815,113,NA,19.53,356,17.58,194,20.18,9,17.62,1
"356","Sunday, March 29",2026,"South Carolina St.",0,"MEAC","Erik Martin",10,22,-23.4174,356,0.074,356,95.3073,356,96.2832,353,118.725,336,114.439,317,70.2637,83,68.6891,107,0.0333,99,-8.9947,337,103.911,326,112.905,311,2.9982,100,NA,18.33,270,16.05,3,18.74,7,16.58,1
"357","Sunday, March 29",2026,"Rider",0,"MAAC","Kevin Baggett",4,25,-24.1759,357,0.0702,357,95.9421,351,95.2642,355,120.118,349,116.646,342,65.6969,309,65.8145,269,-0.0235,245,-4.9553,262,105.64,295,110.596,208,11.1669,13,NA,19.24,345,17.38,146,19.2,12,17.89,3
"358","Sunday, March 29",2026,"Kansas City",0,"Sum","Marvin Menzies",4,27,-25.4166,358,0.0571,361,92.0104,361,93.4387,361,117.427,324,118.099,349,71.4274,33,69.8153,54,-0.0174,231,-2.1696,203,109.789,134,111.959,267,5.4455,54,NA,17.3,147,16.35,7,17.15,2,16.83,1
"359","Sunday, March 29",2026,"Binghamton",0,"AE","Levell Sanders",8,23,-25.5107,359,0.0649,358,97.6984,343,100.464,322,123.209,361,115.158,326,65.1072,331,65.3162,295,-0.0192,235,-12.524,362,101.618,361,114.142,352,-8.4875,348,NA,19.24,343,17.37,140,19.44,7,17.94,3
"360","Sunday, March 29",2026,"VMI",0,"SC","Andrew Wilson",6,26,-26.1748,360,0.0627,359,98.7517,338,101.364,311,124.926,364,123.288,362,67.5698,218,66.7587,216,-0.0111,213,-5.843,282,108.299,205,114.142,351,-2.3104,247,NA,18.28,264,16.94,56,18.16,6,17.52,2
"361","Sunday, March 29",2026,"Gardner Webb",0,"BSth","Jeremy Luther",4,29,-26.2434,361,0.0581,360,95.7583,353,93.5471,360,122.002,358,122.152,361,70.7775,62,69.2013,80,-0.0014,196,-1.3048,177,108.666,188,109.971,180,4.973,67,NA,16.91,96,17.05,71,17,4,17.31,5
"362","Sunday, March 29",2026,"Delaware St.",0,"MEAC","Stan Waterman",8,23,-27.099,362,0.0426,364,87.215,365,89.7609,365,114.314,278,107.211,135,66.0404,294,65.3414,294,-0.0129,220,-11.7146,359,102.428,356,114.142,353,1.8205,126,NA,18.96,325,17.11,81,18.7,6,17.58,4
"363","Sunday, March 29",2026,"Coppin St.",0,"MEAC","Larry Stewart",7,24,-27.3886,363,0.0479,362,92.2349,360,92.8163,362,119.623,344,116.489,340,69.0598,144,68.0403,139,0.0368,88,-7.6019,310,104.405,312,112.007,269,3.4274,92,NA,17.87,218,16.66,25,18.13,5,17.5,2
"364","Sunday, March 29",2026,"Western Illinois",0,"OVC","Chad Boudreau",5,26,-28.5721,364,0.0438,363,92.8857,359,93.5522,359,121.458,355,116.383,337,67.319,230,66.5952,225,-0.0524,314,-8.0215,318,103.49,337,111.511,239,-1.9786,231,NA,18.64,303,17.14,89,18.49,9,16.94,1
"365","Sunday, March 29",2026,"Mississippi Valley St.",0,"SWAC","George Ivory",3,30,-31.2408,365,0.032,365,90.509,364,90.637,364,121.75,356,119.194,356,69.696,106,67.0293,199,-0.026,250,-7.2805,303,104.927,303,112.208,283,5.3354,59,NA,17.98,231,16.46,10,17.72,9,17.08,7
