"","Year","Pick","Player","Name","Team","Pos","College","school_logo","logo"
"1",2016,1,1,"Jared Goff","Rams","QB","California","California","http://a.espncdn.com/i/teamlogos/ncaa/500/25.png"
"2",2016,2,2,"Carson Wentz","Eagles","QB","North Dakota State","North Dakota State","https://a.espncdn.com/combiner/i?img=/i/teamlogos/ncaa/500/2449.png"
"3",2016,3,3,"Joey Bosa","Chargers","DE","Ohio State","Ohio State","http://a.espncdn.com/i/teamlogos/ncaa/500/194.png"
"4",2016,4,4,"Ezekiel Elliott","Cowboys","RB","Ohio State","Ohio State","http://a.espncdn.com/i/teamlogos/ncaa/500/194.png"
"5",2016,5,5,"Jalen Ramsey","Jaguars","DB","Florida State","Florida State","http://a.espncdn.com/i/teamlogos/ncaa/500/52.png"
"6",2016,6,6,"Ronnie Stanley","Ravens","T","Notre Dame","Notre Dame","http://a.espncdn.com/i/teamlogos/ncaa/500/87.png"
"7",2016,7,7,"DeForest Buckner","49ers","DE","Oregon","Oregon","http://a.espncdn.com/i/teamlogos/ncaa/500/2483.png"
"8",2016,8,8,"Jack Conklin","Titans","T","Michigan State","Michigan State","http://a.espncdn.com/i/teamlogos/ncaa/500/127.png"
"9",2016,9,9,"Leonard Floyd","Bears","LB","Georgia","Georgia","http://a.espncdn.com/i/teamlogos/ncaa/500/61.png"
"10",2016,10,10,"Eli Apple","Giants","DB","Ohio State","Ohio State","http://a.espncdn.com/i/teamlogos/ncaa/500/194.png"
"11",2016,11,11,"Vernon Hargreaves","Buccaneers","DB","Florida","Florida","http://a.espncdn.com/i/teamlogos/ncaa/500/57.png"
"12",2016,12,12,"Sheldon Rankins","Saints","DT","Louisville","Louisville","http://a.espncdn.com/i/teamlogos/ncaa/500/97.png"
"13",2016,13,13,"Laremy Tunsil","Dolphins","T","Mississippi","Ole Miss","http://a.espncdn.com/i/teamlogos/ncaa/500/145.png"
"14",2016,14,14,"Karl Joseph","Raiders","DB","West Virginia","West Virginia","http://a.espncdn.com/i/teamlogos/ncaa/500/277.png"
"15",2016,15,15,"Corey Coleman","Browns","WR","Baylor","Baylor","http://a.espncdn.com/i/teamlogos/ncaa/500/239.png"
"16",2016,16,16,"Taylor Decker","Lions","T","Ohio State","Ohio State","http://a.espncdn.com/i/teamlogos/ncaa/500/194.png"
"17",2016,17,17,"Keanu Neal","Falcons","DB","Florida","Florida","http://a.espncdn.com/i/teamlogos/ncaa/500/57.png"
"18",2016,18,18,"Ryan Kelly","Colts","C","Alabama","Alabama","http://a.espncdn.com/i/teamlogos/ncaa/500/333.png"
"19",2016,19,19,"Shaq Lawson","Bills","DE","Clemson","Clemson","http://a.espncdn.com/i/teamlogos/ncaa/500/228.png"
"20",2016,20,20,"Darron Lee","Jets","LB","Ohio State","Ohio State","http://a.espncdn.com/i/teamlogos/ncaa/500/194.png"
"21",2016,21,21,"Will Fuller","Texans","WR","Notre Dame","Notre Dame","http://a.espncdn.com/i/teamlogos/ncaa/500/87.png"
"22",2016,22,22,"Josh Doctson","Redskins","WR","Texas Christian","TCU","http://a.espncdn.com/i/teamlogos/ncaa/500/2628.png"
"23",2016,23,23,"Laquon Treadwell","Vikings","WR","Mississippi","Ole Miss","http://a.espncdn.com/i/teamlogos/ncaa/500/145.png"
"24",2016,24,24,"William Jackson","Bengals","DB","Houston","Houston","http://a.espncdn.com/i/teamlogos/ncaa/500/248.png"
"25",2016,25,25,"Artie Burns","Steelers","DB","Miami (FL)","Miami FL","http://a.espncdn.com/i/teamlogos/ncaa/500/2390.png"
"26",2016,26,26,"Paxton Lynch","Broncos","QB","Memphis","Memphis","http://a.espncdn.com/i/teamlogos/ncaa/500/235.png"
"27",2016,27,27,"Kenny Clark","Packers","DT","UCLA","UCLA","http://a.espncdn.com/i/teamlogos/ncaa/500/26.png"
"28",2016,28,28,"Joshua Garnett","49ers","G","Stanford","Stanford","http://a.espncdn.com/i/teamlogos/ncaa/500/24.png"
"29",2016,29,29,"Robert Nkemdiche","Cardinals","DT","Mississippi","Ole Miss","http://a.espncdn.com/i/teamlogos/ncaa/500/145.png"
"30",2016,30,30,"Vernon Butler","Panthers","DT","Louisiana Tech","Louisiana Tech","http://a.espncdn.com/i/teamlogos/ncaa/500/2348.png"
"31",2016,31,31,"Germain Ifedi","Seahawks","G","Texas A&M","Texas A&M","http://a.espncdn.com/i/teamlogos/ncaa/500/245.png"
"32",2017,1,1,"Myles Garrett","Browns","DE","Texas A&M","Texas A&M","http://a.espncdn.com/i/teamlogos/ncaa/500/245.png"
"33",2017,2,2,"Mitchell Trubisky","Bears","QB","North Carolina","North Carolina","http://a.espncdn.com/i/teamlogos/ncaa/500/153.png"
"34",2017,3,3,"Solomon Thomas","49ers","DE","Stanford","Stanford","http://a.espncdn.com/i/teamlogos/ncaa/500/24.png"
"35",2017,4,4,"Leonard Fournette","Jaguars","RB","Louisiana State","LSU","http://a.espncdn.com/i/teamlogos/ncaa/500/99.png"
"36",2017,5,5,"Corey Davis","Titans","WR","Western Michigan","Western Michigan","http://a.espncdn.com/i/teamlogos/ncaa/500/2711.png"
"37",2017,6,6,"Jamal Adams","Jets","DB","Louisiana State","LSU","http://a.espncdn.com/i/teamlogos/ncaa/500/99.png"
"38",2017,7,7,"Mike Williams","Chargers","WR","Clemson","Clemson","http://a.espncdn.com/i/teamlogos/ncaa/500/228.png"
"39",2017,8,8,"Christian McCaffrey","Panthers","RB","Stanford","Stanford","http://a.espncdn.com/i/teamlogos/ncaa/500/24.png"
"40",2017,9,9,"John Ross","Bengals","WR","Washington","Washington","http://a.espncdn.com/i/teamlogos/ncaa/500/264.png"
"41",2017,10,10,"Patrick Mahomes","Chiefs","QB","Texas Tech","Texas Tech","http://a.espncdn.com/i/teamlogos/ncaa/500/2641.png"
"42",2017,11,11,"Marshon Lattimore","Saints","DB","Ohio State","Ohio State","http://a.espncdn.com/i/teamlogos/ncaa/500/194.png"
"43",2017,12,12,"Deshaun Watson","Texans","QB","Clemson","Clemson","http://a.espncdn.com/i/teamlogos/ncaa/500/228.png"
"44",2017,13,13,"Haason Reddick","Cardinals","LB","Temple","Temple","http://a.espncdn.com/i/teamlogos/ncaa/500/218.png"
"45",2017,14,14,"Derek Barnett","Eagles","DE","Tennessee","Tennessee","http://a.espncdn.com/i/teamlogos/ncaa/500/2633.png"
"46",2017,15,15,"Malik Hooker","Colts","DB","Ohio State","Ohio State","http://a.espncdn.com/i/teamlogos/ncaa/500/194.png"
"47",2017,16,16,"Marlon Humphrey","Ravens","DB","Alabama","Alabama","http://a.espncdn.com/i/teamlogos/ncaa/500/333.png"
"48",2017,17,17,"Jonathan Allen","Redskins","DE","Alabama","Alabama","http://a.espncdn.com/i/teamlogos/ncaa/500/333.png"
"49",2017,18,18,"Adoree' Jackson","Titans","DB","USC","USC","http://a.espncdn.com/i/teamlogos/ncaa/500/30.png"
"50",2017,19,19,"O.J. Howard","Buccaneers","TE","Alabama","Alabama","http://a.espncdn.com/i/teamlogos/ncaa/500/333.png"
"51",2017,20,20,"Garett Bolles","Broncos","T","Utah","Utah","http://a.espncdn.com/i/teamlogos/ncaa/500/254.png"
"52",2017,21,21,"Jarrad Davis","Lions","LB","Florida","Florida","http://a.espncdn.com/i/teamlogos/ncaa/500/57.png"
"53",2017,22,22,"Charles Harris","Dolphins","LB","Missouri","Missouri","http://a.espncdn.com/i/teamlogos/ncaa/500/142.png"
"54",2017,23,23,"Evan Engram","Giants","TE","Mississippi","Ole Miss","http://a.espncdn.com/i/teamlogos/ncaa/500/145.png"
"55",2017,24,24,"Gareon Conley","Raiders","DB","Ohio State","Ohio State","http://a.espncdn.com/i/teamlogos/ncaa/500/194.png"
"56",2017,25,25,"Jabrill Peppers","Browns","DB","Michigan","Michigan","http://a.espncdn.com/i/teamlogos/ncaa/500/130.png"
"57",2017,26,26,"Takkarist McKinley","Falcons","DE","UCLA","UCLA","http://a.espncdn.com/i/teamlogos/ncaa/500/26.png"
"58",2017,27,27,"Tre'Davious White","Bills","DB","Louisiana State","LSU","http://a.espncdn.com/i/teamlogos/ncaa/500/99.png"
"59",2017,28,28,"Taco Charlton","Cowboys","DE","Michigan","Michigan","http://a.espncdn.com/i/teamlogos/ncaa/500/130.png"
"60",2017,29,29,"David Njoku","Browns","TE","Miami (FL)","Miami FL","http://a.espncdn.com/i/teamlogos/ncaa/500/2390.png"
"61",2017,30,30,"T.J. Watt","Steelers","LB","Wisconsin","Wisconsin","http://a.espncdn.com/i/teamlogos/ncaa/500/275.png"
"62",2017,31,31,"Reuben Foster","49ers","LB","Alabama","Alabama","http://a.espncdn.com/i/teamlogos/ncaa/500/333.png"
"63",2017,32,32,"Ryan Ramczyk","Saints","T","Wisconsin","Wisconsin","http://a.espncdn.com/i/teamlogos/ncaa/500/275.png"
"64",2018,1,1,"Baker Mayfield","Browns","QB","Oklahoma","Oklahoma","http://a.espncdn.com/i/teamlogos/ncaa/500/201.png"
"65",2018,2,2,"Saquon Barkley","Giants","RB","Penn State","Penn State","http://a.espncdn.com/i/teamlogos/ncaa/500/213.png"
"66",2018,3,3,"Sam Darnold","Jets","QB","USC","USC","http://a.espncdn.com/i/teamlogos/ncaa/500/30.png"
"67",2018,4,4,"Denzel Ward","Browns","DB","Ohio State","Ohio State","http://a.espncdn.com/i/teamlogos/ncaa/500/194.png"
"68",2018,5,5,"Bradley Chubb","Broncos","DE","North Carolina State","NC State","http://a.espncdn.com/i/teamlogos/ncaa/500/152.png"
"69",2018,6,6,"Quenton Nelson","Colts","G","Notre Dame","Notre Dame","http://a.espncdn.com/i/teamlogos/ncaa/500/87.png"
"70",2018,7,7,"Josh Allen","Bills","QB","Wyoming","Wyoming","http://a.espncdn.com/i/teamlogos/ncaa/500/2751.png"
"71",2018,8,8,"Roquan Smith","Bears","LB","Georgia","Georgia","http://a.espncdn.com/i/teamlogos/ncaa/500/61.png"
"72",2018,9,9,"Mike McGlinchey","49ers","T","Notre Dame","Notre Dame","http://a.espncdn.com/i/teamlogos/ncaa/500/87.png"
"73",2018,10,10,"Josh Rosen","Cardinals","QB","UCLA","UCLA","http://a.espncdn.com/i/teamlogos/ncaa/500/26.png"
"74",2018,11,11,"Minkah Fitzpatrick","Dolphins","DB","Alabama","Alabama","http://a.espncdn.com/i/teamlogos/ncaa/500/333.png"
"75",2018,12,12,"Vita Vea","Buccaneers","DT","Washington","Washington","http://a.espncdn.com/i/teamlogos/ncaa/500/264.png"
"76",2018,13,13,"Da'Ron Payne","Redskins","DT","Alabama","Alabama","http://a.espncdn.com/i/teamlogos/ncaa/500/333.png"
"77",2018,14,14,"Marcus Davenport","Saints","DE","Texas-San Antonio","Texas-San Antonio","http://a.espncdn.com/i/teamlogos/ncaa/500/2636.png"
"78",2018,15,15,"Kolton Miller","Raiders","T","UCLA","UCLA","http://a.espncdn.com/i/teamlogos/ncaa/500/26.png"
"79",2018,16,16,"Tremaine Edmunds","Bills","LB","Virginia Tech","Virginia Tech","http://a.espncdn.com/i/teamlogos/ncaa/500/259.png"
"80",2018,17,17,"Derwin James","Chargers","DB","Florida State","Florida State","http://a.espncdn.com/i/teamlogos/ncaa/500/52.png"
"81",2018,18,18,"Jaire Alexander","Packers","DB","Louisville","Louisville","http://a.espncdn.com/i/teamlogos/ncaa/500/97.png"
"82",2018,19,19,"Leighton Vander Esch","Cowboys","LB","Boise State","Boise State","http://a.espncdn.com/i/teamlogos/ncaa/500/68.png"
"83",2018,20,20,"Frank Ragnow","Lions","C","Arkansas","Arkansas","http://a.espncdn.com/i/teamlogos/ncaa/500/8.png"
"84",2018,21,21,"Billy Price","Bengals","C","Ohio State","Ohio State","http://a.espncdn.com/i/teamlogos/ncaa/500/194.png"
"85",2018,22,22,"Rashaan Evans","Titans","LB","Alabama","Alabama","http://a.espncdn.com/i/teamlogos/ncaa/500/333.png"
"86",2018,23,23,"Isaiah Wynn","Patriots","G","Georgia","Georgia","http://a.espncdn.com/i/teamlogos/ncaa/500/61.png"
"87",2018,24,24,"D.J. Moore","Panthers","WR","Maryland","Maryland","http://a.espncdn.com/i/teamlogos/ncaa/500/120.png"
"88",2018,25,25,"Hayden Hurst","Ravens","TE","South Carolina","South Carolina","http://a.espncdn.com/i/teamlogos/ncaa/500/2579.png"
"89",2018,26,26,"Calvin Ridley","Falcons","WR","Alabama","Alabama","http://a.espncdn.com/i/teamlogos/ncaa/500/333.png"
"90",2018,27,27,"Rashaad Penny","Seahawks","RB","San Diego State","San Diego State","http://a.espncdn.com/i/teamlogos/ncaa/500/21.png"
"91",2018,28,28,"Terrell Edmunds","Steelers","DB","Virginia Tech","Virginia Tech","http://a.espncdn.com/i/teamlogos/ncaa/500/259.png"
"92",2018,29,29,"Taven Bryan","Jaguars","DT","Florida","Florida","http://a.espncdn.com/i/teamlogos/ncaa/500/57.png"
"93",2018,30,30,"Mike Hughes","Vikings","DB","Central Florida","UCF","http://a.espncdn.com/i/teamlogos/ncaa/500/2116.png"
"94",2018,31,31,"Sony Michel","Patriots","RB","Georgia","Georgia","http://a.espncdn.com/i/teamlogos/ncaa/500/61.png"
"95",2018,32,32,"Lamar Jackson","Ravens","QB","Louisville","Louisville","http://a.espncdn.com/i/teamlogos/ncaa/500/97.png"
"96",2019,1,1,"Kyler Murray","Cardinals","QB","Oklahoma","Oklahoma","http://a.espncdn.com/i/teamlogos/ncaa/500/201.png"
"97",2019,2,2,"Nick Bosa","49ers","DE","Ohio State","Ohio State","http://a.espncdn.com/i/teamlogos/ncaa/500/194.png"
"98",2019,3,3,"Quinnen Williams","Jets","DT","Alabama","Alabama","http://a.espncdn.com/i/teamlogos/ncaa/500/333.png"
"99",2019,4,4,"Clelin Ferrell","Raiders","DE","Clemson","Clemson","http://a.espncdn.com/i/teamlogos/ncaa/500/228.png"
"100",2019,5,5,"Devin White","Buccaneers","LB","Louisiana State","LSU","http://a.espncdn.com/i/teamlogos/ncaa/500/99.png"
"101",2019,6,6,"Daniel Jones","Giants","QB","Duke","Duke","http://a.espncdn.com/i/teamlogos/ncaa/500/150.png"
"102",2019,7,7,"Josh Allen","Jaguars","LB","Kentucky","Kentucky","http://a.espncdn.com/i/teamlogos/ncaa/500/96.png"
"103",2019,8,8,"T.J. Hockenson","Lions","TE","Iowa","Iowa","http://a.espncdn.com/i/teamlogos/ncaa/500/2294.png"
"104",2019,9,9,"Ed Oliver","Bills","DT","Houston","Houston","http://a.espncdn.com/i/teamlogos/ncaa/500/248.png"
"105",2019,10,10,"Devin Bush","Steelers","LB","Michigan","Michigan","http://a.espncdn.com/i/teamlogos/ncaa/500/130.png"
"106",2019,11,11,"Jonah Williams","Bengals","T","Alabama","Alabama","http://a.espncdn.com/i/teamlogos/ncaa/500/333.png"
"107",2019,12,12,"Rashan Gary","Packers","DE","Michigan","Michigan","http://a.espncdn.com/i/teamlogos/ncaa/500/130.png"
"108",2019,13,13,"Christian Wilkins","Dolphins","DT","Clemson","Clemson","http://a.espncdn.com/i/teamlogos/ncaa/500/228.png"
"109",2019,14,14,"Chris Lindstrom","Falcons","G","Boston College","Boston College","http://a.espncdn.com/i/teamlogos/ncaa/500/103.png"
"110",2019,15,15,"Dwayne Haskins","Redskins","QB","Ohio State","Ohio State","http://a.espncdn.com/i/teamlogos/ncaa/500/194.png"
"111",2019,16,16,"Brian Burns","Panthers","LB","Florida State","Florida State","http://a.espncdn.com/i/teamlogos/ncaa/500/52.png"
"112",2019,17,17,"Dexter Lawrence","Giants","DT","Clemson","Clemson","http://a.espncdn.com/i/teamlogos/ncaa/500/228.png"
"113",2019,18,18,"Garrett Bradbury","Vikings","C","North Carolina State","NC State","http://a.espncdn.com/i/teamlogos/ncaa/500/152.png"
"114",2019,19,19,"Jeffery Simmons","Titans","DT","Mississippi State","Mississippi State","http://a.espncdn.com/i/teamlogos/ncaa/500/344.png"
"115",2019,20,20,"Noah Fant","Broncos","TE","Iowa","Iowa","http://a.espncdn.com/i/teamlogos/ncaa/500/2294.png"
"116",2019,21,21,"Darnell Savage","Packers","DB","Maryland","Maryland","http://a.espncdn.com/i/teamlogos/ncaa/500/120.png"
"117",2019,22,22,"Andre Dillard","Eagles","T","Washington State","Washington State","http://a.espncdn.com/i/teamlogos/ncaa/500/265.png"
"118",2019,23,23,"Tytus Howard","Texans","T","Alabama State","Alabama State","http://a.espncdn.com/i/teamlogos/ncaa/500/2011.png"
"119",2019,24,24,"Josh Jacobs","Raiders","RB","Alabama","Alabama","http://a.espncdn.com/i/teamlogos/ncaa/500/333.png"
"120",2019,25,25,"Marquise Brown","Ravens","WR","Oklahoma","Oklahoma","http://a.espncdn.com/i/teamlogos/ncaa/500/201.png"
"121",2019,26,26,"Montez Sweat","Redskins","DE","Mississippi State","Mississippi State","http://a.espncdn.com/i/teamlogos/ncaa/500/344.png"
"122",2019,27,27,"Johnathan Abram","Raiders","DB","Mississippi State","Mississippi State","http://a.espncdn.com/i/teamlogos/ncaa/500/344.png"
"123",2019,28,28,"Jerry Tillery","Chargers","DT","Notre Dame","Notre Dame","http://a.espncdn.com/i/teamlogos/ncaa/500/87.png"
"124",2019,29,29,"L.J. Collier","Seahawks","DE","Texas Christian","TCU","http://a.espncdn.com/i/teamlogos/ncaa/500/2628.png"
"125",2019,30,30,"Deandre Baker","Giants","DB","Georgia","Georgia","http://a.espncdn.com/i/teamlogos/ncaa/500/61.png"
"126",2019,31,31,"Kaleb McGary","Falcons","T","Washington","Washington","http://a.espncdn.com/i/teamlogos/ncaa/500/264.png"
"127",2019,32,32,"N'Keal Harry","Patriots","WR","Arizona State","Arizona State","http://a.espncdn.com/i/teamlogos/ncaa/500/9.png"
"128",2020,1,1,"Joe Burrow","Bengals","QB","Louisiana State","LSU","http://a.espncdn.com/i/teamlogos/ncaa/500/99.png"
"129",2020,2,2,"Chase Young","Redskins","DE","Ohio State","Ohio State","http://a.espncdn.com/i/teamlogos/ncaa/500/194.png"
"130",2020,3,3,"Jeff Okudah","Lions","DB","Ohio State","Ohio State","http://a.espncdn.com/i/teamlogos/ncaa/500/194.png"
"131",2020,4,4,"Andrew Thomas","Giants","T","Georgia","Georgia","http://a.espncdn.com/i/teamlogos/ncaa/500/61.png"
"132",2020,5,5,"Tua Tagovailoa","Dolphins","QB","Alabama","Alabama","http://a.espncdn.com/i/teamlogos/ncaa/500/333.png"
"133",2020,6,6,"Justin Herbert","Chargers","QB","Oregon","Oregon","http://a.espncdn.com/i/teamlogos/ncaa/500/2483.png"
"134",2020,7,7,"Derrick Brown","Panthers","DT","Auburn","Auburn","http://a.espncdn.com/i/teamlogos/ncaa/500/2.png"
"135",2020,8,8,"Isaiah Simmons","Cardinals","LB","Clemson","Clemson","http://a.espncdn.com/i/teamlogos/ncaa/500/228.png"
"136",2020,9,9,"CJ Henderson","Jaguars","DB","Florida","Florida","http://a.espncdn.com/i/teamlogos/ncaa/500/57.png"
"137",2020,10,10,"Jedrick Wills","Browns","T","Alabama","Alabama","http://a.espncdn.com/i/teamlogos/ncaa/500/333.png"
"138",2020,11,11,"Mekhi Becton","Jets","T","Louisville","Louisville","http://a.espncdn.com/i/teamlogos/ncaa/500/97.png"
"139",2020,12,12,"Henry Ruggs","Raiders","WR","Alabama","Alabama","http://a.espncdn.com/i/teamlogos/ncaa/500/333.png"
"140",2020,13,13,"Tristan Wirfs","Buccaneers","T","Iowa","Iowa","http://a.espncdn.com/i/teamlogos/ncaa/500/2294.png"
"141",2020,14,14,"Javon Kinlaw","49ers","DT","South Carolina","South Carolina","http://a.espncdn.com/i/teamlogos/ncaa/500/2579.png"
"142",2020,15,15,"Jerry Jeudy","Broncos","WR","Alabama","Alabama","http://a.espncdn.com/i/teamlogos/ncaa/500/333.png"
"143",2020,16,16,"A.J. Terrell","Falcons","DB","Clemson","Clemson","http://a.espncdn.com/i/teamlogos/ncaa/500/228.png"
"144",2020,17,17,"CeeDee Lamb","Cowboys","WR","Oklahoma","Oklahoma","http://a.espncdn.com/i/teamlogos/ncaa/500/201.png"
"145",2020,18,18,"Austin Jackson","Dolphins","T","USC","USC","http://a.espncdn.com/i/teamlogos/ncaa/500/30.png"
"146",2020,19,19,"Damon Arnette","Raiders","DB","Ohio State","Ohio State","http://a.espncdn.com/i/teamlogos/ncaa/500/194.png"
"147",2020,20,20,"K'Lavon Chaisson","Jaguars","DE","Louisiana State","LSU","http://a.espncdn.com/i/teamlogos/ncaa/500/99.png"
"148",2020,21,21,"Jalen Reagor","Eagles","WR","Texas Christian","TCU","http://a.espncdn.com/i/teamlogos/ncaa/500/2628.png"
"149",2020,22,22,"Justin Jefferson","Vikings","WR","Louisiana State","LSU","http://a.espncdn.com/i/teamlogos/ncaa/500/99.png"
"150",2020,23,23,"Kenneth Murray","Chargers","LB","Oklahoma","Oklahoma","http://a.espncdn.com/i/teamlogos/ncaa/500/201.png"
"151",2020,24,24,"Cesar Ruiz","Saints","C","Michigan","Michigan","http://a.espncdn.com/i/teamlogos/ncaa/500/130.png"
"152",2020,25,25,"Brandon Aiyuk","49ers","WR","Arizona State","Arizona State","http://a.espncdn.com/i/teamlogos/ncaa/500/9.png"
"153",2020,26,26,"Jordan Love","Packers","QB","Utah State","Utah State","http://a.espncdn.com/i/teamlogos/ncaa/500/328.png"
"154",2020,27,27,"Jordyn Brooks","Seahawks","LB","Texas Tech","Texas Tech","http://a.espncdn.com/i/teamlogos/ncaa/500/2641.png"
"155",2020,28,28,"Patrick Queen","Ravens","LB","Louisiana State","LSU","http://a.espncdn.com/i/teamlogos/ncaa/500/99.png"
"156",2020,29,29,"Isaiah Wilson","Titans","T","Georgia","Georgia","http://a.espncdn.com/i/teamlogos/ncaa/500/61.png"
"157",2020,30,30,"Noah Igbinoghene","Dolphins","DB","Auburn","Auburn","http://a.espncdn.com/i/teamlogos/ncaa/500/2.png"
"158",2020,31,31,"Jeff Gladney","Vikings","DB","Texas Christian","TCU","http://a.espncdn.com/i/teamlogos/ncaa/500/2628.png"
"159",2020,32,32,"Clyde Edwards-Helaire","Chiefs","RB","Louisiana State","LSU","http://a.espncdn.com/i/teamlogos/ncaa/500/99.png"
"160",2021,1,1,"Trevor Lawrence","Jaguars","QB","Clemson","Clemson","http://a.espncdn.com/i/teamlogos/ncaa/500/228.png"
"161",2021,2,2,"Zach Wilson","Jets","QB","Brigham Young","BYU","http://a.espncdn.com/i/teamlogos/ncaa/500/252.png"
"162",2021,3,3,"Trey Lance","49ers","QB","North Dakota State","North Dakota State","https://a.espncdn.com/combiner/i?img=/i/teamlogos/ncaa/500/2449.png"
"163",2021,4,4,"Kyle Pitts","Falcons","TE","Florida","Florida","http://a.espncdn.com/i/teamlogos/ncaa/500/57.png"
"164",2021,5,5,"Ja'Marr Chase","Bengals","WR","Louisiana State","LSU","http://a.espncdn.com/i/teamlogos/ncaa/500/99.png"
"165",2021,6,6,"Jaylen Waddle","Dolphins","WR","Alabama","Alabama","http://a.espncdn.com/i/teamlogos/ncaa/500/333.png"
"166",2021,7,7,"Penei Sewell","Lions","T","Oregon","Oregon","http://a.espncdn.com/i/teamlogos/ncaa/500/2483.png"
"167",2021,8,8,"Jaycee Horn","Panthers","DB","South Carolina","South Carolina","http://a.espncdn.com/i/teamlogos/ncaa/500/2579.png"
"168",2021,9,9,"Patrick Surtain","Broncos","DB","Alabama","Alabama","http://a.espncdn.com/i/teamlogos/ncaa/500/333.png"
"169",2021,10,10,"DeVonta Smith","Eagles","WR","Alabama","Alabama","http://a.espncdn.com/i/teamlogos/ncaa/500/333.png"
"170",2021,11,11,"Justin Fields","Bears","QB","Ohio State","Ohio State","http://a.espncdn.com/i/teamlogos/ncaa/500/194.png"
"171",2021,12,12,"Micah Parsons","Cowboys","LB","Penn State","Penn State","http://a.espncdn.com/i/teamlogos/ncaa/500/213.png"
"172",2021,13,13,"Rashawn Slater","Chargers","G","Northwestern","Northwestern","http://a.espncdn.com/i/teamlogos/ncaa/500/77.png"
"173",2021,14,14,"Alijah Vera-Tucker","Jets","G","USC","USC","http://a.espncdn.com/i/teamlogos/ncaa/500/30.png"
"174",2021,15,15,"Mac Jones","Patriots","QB","Alabama","Alabama","http://a.espncdn.com/i/teamlogos/ncaa/500/333.png"
"175",2021,16,16,"Zaven Collins","Cardinals","LB","Tulsa","Tulsa","http://a.espncdn.com/i/teamlogos/ncaa/500/202.png"
"176",2021,17,17,"Alex Leatherwood","Raiders","T","Alabama","Alabama","http://a.espncdn.com/i/teamlogos/ncaa/500/333.png"
"177",2021,18,18,"Jaelan Phillips","Dolphins","DE","Miami (FL)","Miami FL","http://a.espncdn.com/i/teamlogos/ncaa/500/2390.png"
"178",2021,19,19,"Jamin Davis","Team","LB","Kentucky","Kentucky","http://a.espncdn.com/i/teamlogos/ncaa/500/96.png"
"179",2021,20,20,"Kadarius Toney","Giants","WR","Florida","Florida","http://a.espncdn.com/i/teamlogos/ncaa/500/57.png"
"180",2021,21,21,"Kwity Paye","Colts","DE","Michigan","Michigan","http://a.espncdn.com/i/teamlogos/ncaa/500/130.png"
"181",2021,22,22,"Caleb Farley","Titans","DB","Virginia Tech","Virginia Tech","http://a.espncdn.com/i/teamlogos/ncaa/500/259.png"
"182",2021,23,23,"Christian Darrisaw","Vikings","T","Virginia Tech","Virginia Tech","http://a.espncdn.com/i/teamlogos/ncaa/500/259.png"
"183",2021,24,24,"Najee Harris","Steelers","RB","Alabama","Alabama","http://a.espncdn.com/i/teamlogos/ncaa/500/333.png"
"184",2021,25,25,"Travis Etienne","Jaguars","RB","Clemson","Clemson","http://a.espncdn.com/i/teamlogos/ncaa/500/228.png"
"185",2021,26,26,"Greg Newsome","Browns","DB","Northwestern","Northwestern","http://a.espncdn.com/i/teamlogos/ncaa/500/77.png"
"186",2021,27,27,"Rashod Bateman","Ravens","WR","Minnesota","Minnesota","http://a.espncdn.com/i/teamlogos/ncaa/500/135.png"
"187",2021,28,28,"Payton Turner","Saints","DE","Houston","Houston","http://a.espncdn.com/i/teamlogos/ncaa/500/248.png"
"188",2021,29,29,"Eric Stokes","Packers","DB","Georgia","Georgia","http://a.espncdn.com/i/teamlogos/ncaa/500/61.png"
"189",2021,30,30,"Gregory Rousseau","Bills","DE","Miami (FL)","Miami FL","http://a.espncdn.com/i/teamlogos/ncaa/500/2390.png"
"190",2021,31,31,"Jayson Oweh","Ravens","LB","Penn State","Penn State","http://a.espncdn.com/i/teamlogos/ncaa/500/213.png"
"191",2021,32,32,"Joe Tryon","Buccaneers","LB","Washington","Washington","http://a.espncdn.com/i/teamlogos/ncaa/500/264.png"
"192",2022,1,1,"Travon Walker","Jaguars","DE","Georgia","Georgia","http://a.espncdn.com/i/teamlogos/ncaa/500/61.png"
"193",2022,2,2,"Aidan Hutchinson","Lions","DE","Michigan","Michigan","http://a.espncdn.com/i/teamlogos/ncaa/500/130.png"
"194",2022,3,3,"Derek Stingley","Texans","DB","Louisiana State","LSU","http://a.espncdn.com/i/teamlogos/ncaa/500/99.png"
"195",2022,4,4,"Sauce Gardner","Jets","DB","Cincinnati","Cincinnati","http://a.espncdn.com/i/teamlogos/ncaa/500/2132.png"
"196",2022,5,5,"Kayvon Thibodeaux","Giants","DE","Oregon","Oregon","http://a.espncdn.com/i/teamlogos/ncaa/500/2483.png"
"197",2022,6,6,"Ikem Ekwonu","Panthers","T","North Carolina State","NC State","http://a.espncdn.com/i/teamlogos/ncaa/500/152.png"
"198",2022,7,7,"Evan Neal","Giants","T","Alabama","Alabama","http://a.espncdn.com/i/teamlogos/ncaa/500/333.png"
"199",2022,8,8,"Drake London","Falcons","WR","USC","USC","http://a.espncdn.com/i/teamlogos/ncaa/500/30.png"
"200",2022,9,9,"Charles Cross","Seahawks","T","Mississippi State","Mississippi State","http://a.espncdn.com/i/teamlogos/ncaa/500/344.png"
"201",2022,10,10,"Garrett Wilson","Jets","WR","Ohio State","Ohio State","http://a.espncdn.com/i/teamlogos/ncaa/500/194.png"
"202",2022,11,11,"Chris Olave","Saints","WR","Ohio State","Ohio State","http://a.espncdn.com/i/teamlogos/ncaa/500/194.png"
"203",2022,12,12,"Jameson Williams","Lions","WR","Alabama","Alabama","http://a.espncdn.com/i/teamlogos/ncaa/500/333.png"
"204",2022,13,13,"Jordan Davis","Eagles","DT","Georgia","Georgia","http://a.espncdn.com/i/teamlogos/ncaa/500/61.png"
"205",2022,14,14,"Kyle Hamilton","Ravens","DB","Notre Dame","Notre Dame","http://a.espncdn.com/i/teamlogos/ncaa/500/87.png"
"206",2022,15,15,"Kenyon Green","Texans","G","Texas A&M","Texas A&M","http://a.espncdn.com/i/teamlogos/ncaa/500/245.png"
"207",2022,16,16,"Jahan Dotson","Commanders","WR","Penn State","Penn State","http://a.espncdn.com/i/teamlogos/ncaa/500/213.png"
"208",2022,17,17,"Zion Johnson","Chargers","G","Boston College","Boston College","http://a.espncdn.com/i/teamlogos/ncaa/500/103.png"
"209",2022,18,18,"Treylon Burks","Titans","WR","Arkansas","Arkansas","http://a.espncdn.com/i/teamlogos/ncaa/500/8.png"
"210",2022,19,19,"Trevor Penning","Saints","T","Northern Iowa","Northern Iowa","http://a.espncdn.com/i/teamlogos/ncaa/500/2460.png"
"211",2022,20,20,"Kenny Pickett","Steelers","QB","Pittsburgh","Pittsburgh","http://a.espncdn.com/i/teamlogos/ncaa/500/221.png"
"212",2022,21,21,"Trent McDuffie","Chiefs","DB","Washington","Washington","http://a.espncdn.com/i/teamlogos/ncaa/500/264.png"
"213",2022,22,22,"Quay Walker","Packers","LB","Georgia","Georgia","http://a.espncdn.com/i/teamlogos/ncaa/500/61.png"
"214",2022,23,23,"Kaiir Elam","Bills","DB","Florida","Florida","http://a.espncdn.com/i/teamlogos/ncaa/500/57.png"
"215",2022,24,24,"Tyler Smith","Cowboys","T","Tulsa","Tulsa","http://a.espncdn.com/i/teamlogos/ncaa/500/202.png"
"216",2022,25,25,"Tyler Linderbaum","Ravens","C","Iowa","Iowa","http://a.espncdn.com/i/teamlogos/ncaa/500/2294.png"
"217",2022,26,26,"Jermaine Johnson","Jets","DE","Florida State","Florida State","http://a.espncdn.com/i/teamlogos/ncaa/500/52.png"
"218",2022,27,27,"Devin Lloyd","Jaguars","LB","Utah","Utah","http://a.espncdn.com/i/teamlogos/ncaa/500/254.png"
"219",2022,28,28,"Devonte Wyatt","Packers","DT","Georgia","Georgia","http://a.espncdn.com/i/teamlogos/ncaa/500/61.png"
"220",2022,29,29,"Cole Strange","Patriots","G","Tennessee-Chattanooga","Tennessee-Chattanooga","http://a.espncdn.com/i/teamlogos/ncaa/500/236.png"
"221",2022,30,30,"George Karlaftis","Chiefs","DE","Purdue","Purdue","http://a.espncdn.com/i/teamlogos/ncaa/500/2509.png"
"222",2022,31,31,"Daxton Hill","Bengals","DB","Michigan","Michigan","http://a.espncdn.com/i/teamlogos/ncaa/500/130.png"
"223",2022,32,32,"Lewis Cine","Vikings","DB","Georgia","Georgia","http://a.espncdn.com/i/teamlogos/ncaa/500/61.png"
"224",2023,1,1,"Bryce Young","Panthers","QB","Alabama","Alabama","http://a.espncdn.com/i/teamlogos/ncaa/500/333.png"
"225",2023,2,2,"C.J. Stroud","Texans","QB","Ohio State","Ohio State","http://a.espncdn.com/i/teamlogos/ncaa/500/194.png"
"226",2023,3,3,"Will Anderson","Texans","LB","Alabama","Alabama","http://a.espncdn.com/i/teamlogos/ncaa/500/333.png"
"227",2023,4,4,"Anthony Richardson","Colts","QB","Florida","Florida","http://a.espncdn.com/i/teamlogos/ncaa/500/57.png"
"228",2023,5,5,"Devon Witherspoon","Seahawks","DB","Illinois","Illinois","http://a.espncdn.com/i/teamlogos/ncaa/500/356.png"
"229",2023,6,6,"Paris Johnson","Cardinals","T","Ohio State","Ohio State","http://a.espncdn.com/i/teamlogos/ncaa/500/194.png"
"230",2023,7,7,"Tyree Wilson","Raiders","DE","Texas Tech","Texas Tech","http://a.espncdn.com/i/teamlogos/ncaa/500/2641.png"
"231",2023,8,8,"Bijan Robinson","Falcons","RB","Texas","Texas","http://a.espncdn.com/i/teamlogos/ncaa/500/251.png"
"232",2023,9,9,"Jalen Carter","Eagles","DT","Georgia","Georgia","http://a.espncdn.com/i/teamlogos/ncaa/500/61.png"
"233",2023,10,10,"Darnell Wright","Bears","T","Tennessee","Tennessee","http://a.espncdn.com/i/teamlogos/ncaa/500/2633.png"
"234",2023,11,11,"Peter Skoronski","Titans","G","Northwestern","Northwestern","http://a.espncdn.com/i/teamlogos/ncaa/500/77.png"
"235",2023,12,12,"Jahmyr Gibbs","Lions","RB","Alabama","Alabama","http://a.espncdn.com/i/teamlogos/ncaa/500/333.png"
"236",2023,13,13,"Lukas Van Ness","Packers","DE","Iowa","Iowa","http://a.espncdn.com/i/teamlogos/ncaa/500/2294.png"
"237",2023,14,14,"Broderick Jones","Steelers","T","Georgia","Georgia","http://a.espncdn.com/i/teamlogos/ncaa/500/61.png"
"238",2023,15,15,"Will McDonald","Jets","DE","Iowa State","Iowa State","http://a.espncdn.com/i/teamlogos/ncaa/500/66.png"
"239",2023,16,16,"Emmanuel Forbes","Commanders","DB","Mississippi State","Mississippi State","http://a.espncdn.com/i/teamlogos/ncaa/500/344.png"
"240",2023,17,17,"Christian Gonzalez","Patriots","DB","Oregon","Oregon","http://a.espncdn.com/i/teamlogos/ncaa/500/2483.png"
"241",2023,18,18,"Jack Campbell","Lions","LB","Iowa","Iowa","http://a.espncdn.com/i/teamlogos/ncaa/500/2294.png"
"242",2023,19,19,"Calijah Kancey","Buccaneers","DT","Pittsburgh","Pittsburgh","http://a.espncdn.com/i/teamlogos/ncaa/500/221.png"
"243",2023,20,20,"Jaxon Smith-Njigba","Seahawks","WR","Ohio State","Ohio State","http://a.espncdn.com/i/teamlogos/ncaa/500/194.png"
"244",2023,21,21,"Quentin Johnston","Chargers","WR","Texas Christian","TCU","http://a.espncdn.com/i/teamlogos/ncaa/500/2628.png"
"245",2023,22,22,"Zay Flowers","Ravens","WR","Boston College","Boston College","http://a.espncdn.com/i/teamlogos/ncaa/500/103.png"
"246",2023,23,23,"Jordan Addison","Vikings","WR","USC","USC","http://a.espncdn.com/i/teamlogos/ncaa/500/30.png"
"247",2023,24,24,"Deonte Banks","Giants","DB","Maryland","Maryland","http://a.espncdn.com/i/teamlogos/ncaa/500/120.png"
"248",2023,25,25,"Dalton Kincaid","Bills","TE","Utah","Utah","http://a.espncdn.com/i/teamlogos/ncaa/500/254.png"
"249",2023,26,26,"Mazi Smith","Cowboys","DT","Michigan","Michigan","http://a.espncdn.com/i/teamlogos/ncaa/500/130.png"
"250",2023,27,27,"Anton Harrison","Jaguars","T","Oklahoma","Oklahoma","http://a.espncdn.com/i/teamlogos/ncaa/500/201.png"
"251",2023,28,28,"Myles Murphy","Bengals","DE","Clemson","Clemson","http://a.espncdn.com/i/teamlogos/ncaa/500/228.png"
"252",2023,29,29,"Bryan Bresee","Saints","DT","Clemson","Clemson","http://a.espncdn.com/i/teamlogos/ncaa/500/228.png"
"253",2023,30,30,"Nolan Smith","Eagles","LB","Georgia","Georgia","http://a.espncdn.com/i/teamlogos/ncaa/500/61.png"
"254",2023,31,31,"Felix Anudike-Uzomah","Chiefs","DE","Kansas State","Kansas State","http://a.espncdn.com/i/teamlogos/ncaa/500/2306.png"
"255",2024,1,1,"Caleb Williams","Bears","QB","USC","USC","http://a.espncdn.com/i/teamlogos/ncaa/500/30.png"
"256",2024,2,2,"Jayden Daniels","Commanders","QB","Louisiana State","LSU","http://a.espncdn.com/i/teamlogos/ncaa/500/99.png"
"257",2024,3,3,"Drake Maye","Patriots","QB","North Carolina","North Carolina","http://a.espncdn.com/i/teamlogos/ncaa/500/153.png"
"258",2024,4,4,"Marvin Harrison","Cardinals","WR","Ohio State","Ohio State","http://a.espncdn.com/i/teamlogos/ncaa/500/194.png"
"259",2024,5,5,"Joe Alt","Chargers","T","Notre Dame","Notre Dame","http://a.espncdn.com/i/teamlogos/ncaa/500/87.png"
"260",2024,6,6,"Malik Nabers","Giants","WR","Louisiana State","LSU","http://a.espncdn.com/i/teamlogos/ncaa/500/99.png"
"261",2024,7,7,"JC Latham","Titans","T","Alabama","Alabama","http://a.espncdn.com/i/teamlogos/ncaa/500/333.png"
"262",2024,8,8,"Michael Penix","Falcons","QB","Washington","Washington","http://a.espncdn.com/i/teamlogos/ncaa/500/264.png"
"263",2024,9,9,"Rome Odunze","Bears","WR","Washington","Washington","http://a.espncdn.com/i/teamlogos/ncaa/500/264.png"
"264",2024,10,10,"J.J. McCarthy","Vikings","QB","Michigan","Michigan","http://a.espncdn.com/i/teamlogos/ncaa/500/130.png"
"265",2024,11,11,"Olumuyiwa Fashanu","Jets","T","Penn State","Penn State","http://a.espncdn.com/i/teamlogos/ncaa/500/213.png"
"266",2024,12,12,"Bo Nix","Broncos","QB","Oregon","Oregon","http://a.espncdn.com/i/teamlogos/ncaa/500/2483.png"
"267",2024,13,13,"Brock Bowers","Raiders","TE","Georgia","Georgia","http://a.espncdn.com/i/teamlogos/ncaa/500/61.png"
"268",2024,14,14,"Taliese Fuaga","Saints","T","Oregon State","Oregon State","http://a.espncdn.com/i/teamlogos/ncaa/500/204.png"
"269",2024,15,15,"Laiatu Latu","Colts","DE","UCLA","UCLA","http://a.espncdn.com/i/teamlogos/ncaa/500/26.png"
"270",2024,16,16,"Byron Murphy","Seahawks","DT","Texas","Texas","http://a.espncdn.com/i/teamlogos/ncaa/500/251.png"
"271",2024,17,17,"Dallas Turner","Vikings","DE","Alabama","Alabama","http://a.espncdn.com/i/teamlogos/ncaa/500/333.png"
"272",2024,18,18,"Amarius Mims","Bengals","T","Georgia","Georgia","http://a.espncdn.com/i/teamlogos/ncaa/500/61.png"
"273",2024,19,19,"Jared Verse","Rams","DE","Florida State","Florida State","http://a.espncdn.com/i/teamlogos/ncaa/500/52.png"
"274",2024,20,20,"Troy Fautanu","Steelers","G","Washington","Washington","http://a.espncdn.com/i/teamlogos/ncaa/500/264.png"
"275",2024,21,21,"Chop Robinson","Dolphins","DE","Penn State","Penn State","http://a.espncdn.com/i/teamlogos/ncaa/500/213.png"
"276",2024,22,22,"Quinyon Mitchell","Eagles","DB","Toledo","Toledo","http://a.espncdn.com/i/teamlogos/ncaa/500/2649.png"
"277",2024,23,23,"Brian Thomas","Jaguars","WR","Louisiana State","LSU","http://a.espncdn.com/i/teamlogos/ncaa/500/99.png"
"278",2024,24,24,"Terrion Arnold","Lions","DB","Alabama","Alabama","http://a.espncdn.com/i/teamlogos/ncaa/500/333.png"
"279",2024,25,25,"Jordan Morgan","Packers","T","Arizona","Arizona","http://a.espncdn.com/i/teamlogos/ncaa/500/12.png"
"280",2024,26,26,"Graham Barton","Buccaneers","G","Duke","Duke","http://a.espncdn.com/i/teamlogos/ncaa/500/150.png"
"281",2024,27,27,"Darius Robinson","Cardinals","DT","Missouri","Missouri","http://a.espncdn.com/i/teamlogos/ncaa/500/142.png"
"282",2024,28,28,"Xavier Worthy","Chiefs","WR","Texas","Texas","http://a.espncdn.com/i/teamlogos/ncaa/500/251.png"
"283",2024,29,29,"Tyler Guyton","Cowboys","T","Oklahoma","Oklahoma","http://a.espncdn.com/i/teamlogos/ncaa/500/201.png"
"284",2024,30,30,"Nate Wiggins","Ravens","DB","Clemson","Clemson","http://a.espncdn.com/i/teamlogos/ncaa/500/228.png"
"285",2024,31,31,"Ricky Pearsall","49ers","WR","Florida","Florida","http://a.espncdn.com/i/teamlogos/ncaa/500/57.png"
"286",2024,32,32,"Xavier Legette","Panthers","WR","South Carolina","South Carolina","http://a.espncdn.com/i/teamlogos/ncaa/500/2579.png"
"287",2025,1,1,"Cam Ward","Titans","QB","Miami (FL)","Miami FL","http://a.espncdn.com/i/teamlogos/ncaa/500/2390.png"
"288",2025,2,2,"Travis Hunter","Jaguars","CB/WR","Colorado","Colorado","http://a.espncdn.com/i/teamlogos/ncaa/500/38.png"
"289",2025,3,3,"Abdul Carter","Giants","DE","Penn State","Penn State","http://a.espncdn.com/i/teamlogos/ncaa/500/213.png"
"290",2025,4,4,"Will Campbell","Patriots","T","Louisiana State","LSU","http://a.espncdn.com/i/teamlogos/ncaa/500/99.png"
"291",2025,5,5,"Mason Graham","Browns","DT","Michigan","Michigan","http://a.espncdn.com/i/teamlogos/ncaa/500/130.png"
"292",2025,6,6,"Ashton Jeanty","Raiders","RB","Boise State","Boise State","http://a.espncdn.com/i/teamlogos/ncaa/500/68.png"
"293",2025,7,7,"Armand Membou","Jets","T","Missouri","Missouri","http://a.espncdn.com/i/teamlogos/ncaa/500/142.png"
"294",2025,8,8,"Tetairoa McMillan","Panthers","WR","Arizona","Arizona","http://a.espncdn.com/i/teamlogos/ncaa/500/12.png"
"295",2025,9,9,"Kelvin Banks","Saints","T","Texas","Texas","http://a.espncdn.com/i/teamlogos/ncaa/500/251.png"
"296",2025,10,10,"Colston Loveland","Bears","TE","Michigan","Michigan","http://a.espncdn.com/i/teamlogos/ncaa/500/130.png"
"297",2025,11,11,"Mykel Williams","49ers","DE","Georgia","Georgia","http://a.espncdn.com/i/teamlogos/ncaa/500/61.png"
"298",2025,12,12,"Tyler Booker","Cowboys","G","Alabama","Alabama","http://a.espncdn.com/i/teamlogos/ncaa/500/333.png"
"299",2025,13,13,"Kenneth Grant","Dolphins","DT","Michigan","Michigan","http://a.espncdn.com/i/teamlogos/ncaa/500/130.png"
"300",2025,14,14,"Tyler Warren","Colts","TE","Penn State","Penn State","http://a.espncdn.com/i/teamlogos/ncaa/500/213.png"
"301",2025,15,15,"Jalon Walker","Falcons","LB","Georgia","Georgia","http://a.espncdn.com/i/teamlogos/ncaa/500/61.png"
"302",2025,16,16,"Walter Nolen","Cardinals","DT","Mississippi","Ole Miss","http://a.espncdn.com/i/teamlogos/ncaa/500/145.png"
"303",2025,17,17,"Shemar Stewart","Bengals","DE","Texas A&M","Texas A&M","http://a.espncdn.com/i/teamlogos/ncaa/500/245.png"
"304",2025,18,18,"Grey Zabel","Seahawks","G","North Dakota State","North Dakota State","https://a.espncdn.com/combiner/i?img=/i/teamlogos/ncaa/500/2449.png"
"305",2025,19,19,"Emeka Egbuka","Buccaneers","WR","Ohio State","Ohio State","http://a.espncdn.com/i/teamlogos/ncaa/500/194.png"
"306",2025,20,20,"Jahdae Barron","Broncos","DB","Texas","Texas","http://a.espncdn.com/i/teamlogos/ncaa/500/251.png"
"307",2025,21,21,"Derrick Harmon","Steelers","DT","Oregon","Oregon","http://a.espncdn.com/i/teamlogos/ncaa/500/2483.png"
"308",2025,22,22,"Omarion Hampton","Chargers","RB","North Carolina","North Carolina","http://a.espncdn.com/i/teamlogos/ncaa/500/153.png"
"309",2025,23,23,"Matthew Golden","Packers","WR","Texas","Texas","http://a.espncdn.com/i/teamlogos/ncaa/500/251.png"
"310",2025,24,24,"Donovan Jackson","Vikings","G","Ohio State","Ohio State","http://a.espncdn.com/i/teamlogos/ncaa/500/194.png"
"311",2025,25,25,"Jaxson Dart","Giants","QB","Mississippi","Ole Miss","http://a.espncdn.com/i/teamlogos/ncaa/500/145.png"
"312",2025,26,26,"James Pearce","Falcons","DE","Tennessee","Tennessee","http://a.espncdn.com/i/teamlogos/ncaa/500/2633.png"
"313",2025,27,27,"Malaki Starks","Ravens","DB","Georgia","Georgia","http://a.espncdn.com/i/teamlogos/ncaa/500/61.png"
"314",2025,28,28,"Tyleik Williams","Lions","DT","Ohio State","Ohio State","http://a.espncdn.com/i/teamlogos/ncaa/500/194.png"
"315",2025,29,29,"Josh Conerly","Commanders","T","Oregon","Oregon","http://a.espncdn.com/i/teamlogos/ncaa/500/2483.png"
"316",2025,30,30,"Maxwell Hairston","Bills","DB","Kentucky","Kentucky","http://a.espncdn.com/i/teamlogos/ncaa/500/96.png"
"317",2025,31,31,"Jihaad Campbell","Eagles","LB","Alabama","Alabama","http://a.espncdn.com/i/teamlogos/ncaa/500/333.png"
"318",2025,32,32,"Josh Simmons","Chiefs","T","Ohio State","Ohio State","http://a.espncdn.com/i/teamlogos/ncaa/500/194.png"
