score_sentence,team_name_home,team_name_away,total_drives,total_points,point_diff,total_plays,total_sp_td,total_turnovers,total_punts,minutes,predicted_minutes,diff
"UAB 56, South Florida 35",,,30,91,21,158,0,4,5,264,227.2754434430393,-36.72455655696069
"NC State 48, Marshall 41",,,37,89,7,156,0,6,12,239,246.30524725961706,7.305247259617062
"Western Kentucky 35, Louisiana Tech 28",,,30,63,7,141,0,3,13,235,224.346495058576,-10.65350494142399
"Nebraska 20, Illinois 7",,,26,27,13,139,0,5,9,229,204.60943785262623,-24.39056214737377
"USC 43, Arizona 41",,,26,84,2,135,0,2,8,225,221.44581803657329,-3.554181963426714
"Colorado 27, Arizona State 24",,,25,51,3,151,0,0,14,225,214.5626495651653,-10.437350434834713
"Georgia Tech 23, Miami 20",,,25,43,3,136,0,7,9,225,209.22050829045907,-15.779491709540935
"LSU 49, Missouri 39",,,25,88,10,134,0,2,5,225,217.06125921638272,-7.938740783617277
"Oklahoma 34, Texas 30",,,23,64,4,159,1,3,5,223,212.7264523490646,-10.273547650935399
"UCLA 25, Washington State 17",,,33,42,8,156,0,6,15,221,227.1945572042096,6.1945572042095876
"UTSA 49, Temple 34",,,25,83,15,162,0,2,5,219,218.05179053091322,-0.9482094690867768
"Jacksonville State 45, Middle Tennessee 30",,,37,75,15,160,0,5,17,217,241.69343207375866,24.693432073758657
"Boise State 35, San Jose State 27",,,26,62,8,130,0,4,7,217,213.15923768028972,-3.8407623197102794
"Buffalo 37, Central Michigan 13",,,24,50,24,141,0,4,8,213,202.54106754174262,-10.45893245825738
"Utah State 44, Colorado State 24",,,34,68,20,167,1,9,11,210,231.98518609748973,21.98518609748973
"Wisconsin 24, Rutgers 13",,,25,37,11,137,0,3,12,208,206.02069838410898,-1.9793016158910177
"Oklahoma State 29, Kansas State 21",,,26,50,8,148,0,3,7,206,212.8697687423422,6.869768742342188
"Ohio State 37, Maryland 17",,,25,54,20,138,0,2,8,206,206.60548217053918,0.605482170539176
"Connecticut 38, Rice 31",,,25,69,7,120,0,4,6,205,211.61031413546272,6.6103141354627155
"Georgia 51, Kentucky 13",,,22,64,38,123,0,1,9,202,195.0242174198986,-6.975782580101395
"Louisville 33, Notre Dame 20",,,29,53,13,130,0,6,8,202,215.35817793540338,13.358177935403376
"Liberty 21, Sam Houston State 16",,,24,37,5,126,0,2,11,200,204.43720571654902,4.437205716549016
"New Mexico State 34, Florida International 17",,,25,51,17,126,0,3,9,199,205.3251007007205,6.325100700720498
"Alabama 26, Texas A&M 20",,,26,46,6,119,0,3,8,198,208.74008881936365,10.740088819363649
"Old Dominion 17, Southern Mississippi 13",,,22,30,4,128,1,1,12,197,199.59936050938538,2.5993605093853773
"Boston College 27, Army 24",,,20,51,3,116,0,2,8,196,198.53883871215083,2.5388387121508345
"Iowa 20, Purdue 14",,,29,34,6,136,0,3,13,196,215.0683402384414,19.068340238441408
"Louisiana 34, Texas State 30",,,21,64,4,145,0,4,3,196,206.36488169334476,10.364881693344756
"Toledo 41, UMass 24",,,22,65,17,125,0,2,6,196,202.0874636974399,6.087463697439887
"Florida 38, Vanderbilt 14",,,22,52,24,125,0,2,8,196,196.93927150625083,0.939271506250833
"Troy 37, Arkansas State 3",,,23,40,34,130,0,1,10,195,193.79817944559042,-1.2018205544095792
"Wyoming 24, Fresno State 19",,,19,43,5,129,0,1,7,195,195.66186642576213,0.6618664257621276
"Northern Illinois 55, Akron 14",,,28,69,41,127,0,1,9,195,207.82747868687537,12.827478686875367
"Florida State 39, Virginia Tech 17",,,22,56,22,123,1,1,10,195,198.69268098709514,3.6926809870951445
"Mississippi State 41, Western Michigan 28",,,25,69,13,142,0,2,7,195,212.94381287620973,17.943812876209734
"Eastern Michigan 24, Ball State 10",,,22,34,14,126,0,2,9,194,196.331696860008,2.331696860008009
"Texas Tech 39, Baylor 14",,,26,53,25,136,0,3,6,192,206.010454196751,14.010454196750999
"Ole Miss 27, Arkansas 20",,,23,47,7,138,0,2,8,191,205.31257494626843,14.312574946268427
"Northwestern 23, Howard 20",,,20,43,3,130,0,0,7,191,198.5694137063813,7.569413706381312
"Michigan 52, Minnesota 10",,,22,62,42,111,0,2,10,191,191.61293026713184,0.6129302671318442
"Oregon State 52, California 40",,,23,92,12,136,0,3,3,191,213.19030223703814,22.19030223703814
"Florida Atlantic 20, Tulsa 17",,,24,37,3,142,0,3,8,191,206.7685583680207,15.768558368020706
"Clemson 17, Wake Forest 12",,,23,29,5,134,0,3,11,191,201.54512819904696,10.545128199046957
"Navy 27, North Texas 24",,,23,51,3,137,0,2,8,189,207.48150835870447,18.481508358704474
"Kansas 51, UCF 22",,,20,73,29,124,1,1,5,184,195.69005484674153,11.690054846741532
"Ohio 42, Kent State 17",,,23,59,25,123,0,1,10,184,200.40458744070457,16.404587440704574
"North Carolina 40, Syracuse 7",,,21,47,33,148,0,3,7,184,193.6319071776095,9.631907177609492
"Virginia 27, William & Mary 13",,,20,40,14,129,0,3,5,184,193.43299878244878,9.432998782448777
"South Alabama 55, Louisiana Monroe 7",,,21,62,48,141,0,2,5,183,190.92189623317768,7.9218962331776765
"Iowa State 27, TCU 14",,,25,41,13,138,0,4,10,182,206.03580261955847,24.035802619558467
"Miami (OH) 27, Bowling Green 0",,,16,27,27,107,0,2,6,176,175.0808551257044,-0.919144874295597
"Colorado State 41, Utah Tech 20",,,24,61,21,131,0,4,5,265,204.31496662601177,-60.68503337398823
"Ole Miss 55, LSU 49",,,25,104,6,163,0,1,5,231,226.32198338932756,-4.678016610672444
"James Madison 31, South Alabama 23",,,30,54,8,140,0,3,14,229,221.8842800364321,-7.115719963567898
"Texas State 50, Southern Mississippi 36",,,29,86,14,147,1,5,7,226,225.15825524821327,-0.8417447517867345
"West Virginia 24, TCU 21",,,25,45,3,143,0,0,10,226,211.38586913857904,-14.61413086142096
"Georgia Southern 38, Coastal Carolina 28",,,27,66,10,149,0,4,7,224,218.07721629229619,-5.922783707703815
"Rice 24, East Carolina 17",,,25,41,7,137,0,2,8,224,207.7684649463634,-16.231535053636605
"Louisiana Tech 24, UTEP 10",,,21,34,14,124,1,1,12,219,194.60239388206102,-24.397606117938977
"Jacksonville State 35, Sam Houston State 28",,,33,63,7,160,0,4,16,217,233.41206048897783,16.41206048897783
"Western Kentucky 31, Middle Tennessee 10",,,26,41,21,153,0,4,11,217,207.5758978793281,-9.424102120671904
"Purdue 44, Illinois 19",,,24,63,25,137,0,2,10,217,205.22758222386307,-11.772417776136933
"USC 48, Colorado 41",,,29,89,7,155,0,2,9,215,229.90947165600582,14.90947165600582
"Western Michigan 42, Ball State 24",,,25,66,18,138,0,1,10,214,210.5425490775922,-3.457450922407787
"Tulane 35, UAB 23",,,21,58,12,138,0,3,4,213,201.49820853861624,-11.50179146138376
"Oklahoma 50, Iowa State 20",,,24,70,30,144,0,3,6,213,205.45287944764556,-7.547120552354443
"Iowa 26, Michigan State 16",,,30,42,10,135,1,6,13,212,217.25517431196153,5.255174311961525
"South Florida 44, Navy 30",,,28,74,14,137,0,4,9,210,219.30167011806628,9.301670118066284
"Baylor 36, UCF 35",,,23,71,1,138,0,3,5,208,212.50437984293134,4.504379842931343
"Clemson 31, Syracuse 14",,,28,45,17,137,0,4,12,208,211.85344502331657,3.853445023316567
"Tennessee 41, South Carolina 20",,,19,61,21,135,0,3,8,208,195.36706616503002,-12.632933834969975
"BYU 35, Cincinnati 27",,,24,62,8,137,0,2,9,206,210.58326600863694,4.58326600863694
"California 24, Arizona State 21",,,26,45,3,149,0,2,11,206,214.2282451498994,8.228245149899408
"Arkansas State 52, UMass 28",,,22,80,24,128,0,1,5,206,203.62888929430326,-2.3711107056967364
"SMU 34, Charlotte 16",,,21,50,18,135,0,2,5,206,197.38527017851223,-8.61472982148777
"Boston College 27, Virginia 24",,,26,51,3,136,0,5,10,206,213.4595367627235,7.459536762723502
"Utah State 34, Connecticut 33",,,26,67,1,133,0,3,8,205,217.37535934950753,12.375359349507534
"North Texas 45, Abilene Christian 31",,,25,76,14,147,0,1,10,204,215.52546607111074,11.525466071110742
"Tulsa 48, Temple 26",,,24,74,22,140,1,2,6,203,208.6405475547355,5.640547554735491
"Louisville 13, NC State 10",,,26,23,3,120,0,6,14,203,205.13085272806777,2.130852728067765
"Bowling Green 38, Georgia Tech 27",,,22,65,11,136,0,3,6,202,205.56044682741364,3.5604468274136423
"Texas A&M 34, Arkansas 22",,,25,56,12,123,1,4,7,202,207.39430941079775,5.394309410797746
"Appalachian State 41, Louisiana Monroe 40",,,29,81,1,143,0,6,8,201,227.89286786478914,26.89286786478914
"Notre Dame 21, Duke 14",,,24,35,7,130,0,2,11,201,203.83707333856515,2.8370733385651477
"Toledo 35, Northern Illinois 33",,,24,68,2,126,0,2,9,200,212.52204437922683,12.522044379226827
"Marshall 41, Old Dominion 35",,,32,76,6,137,0,6,9,200,230.37499064045977,30.37499064045977
"Virginia Tech 38, Pittsburgh 21",,,25,59,17,124,0,2,11,200,207.35502407172666,7.35502407172666
"Missouri 38, Vanderbilt 21",,,23,59,17,126,0,2,9,199,203.2875644341807,4.287564434180695
"Memphis 35, Boise State 32",,,23,67,3,133,0,0,10,198,211.2215754413265,13.221575441326507
"Maryland 44, Indiana 17",,,25,61,27,135,0,1,7,198,205.40972539464047,7.409725394640475
"Oregon State 21, Utah 7",,,24,28,14,125,0,2,13,197,199.4271461788835,2.427146178883504
"Penn State 41, Northwestern 13",,,25,54,28,136,0,2,10,197,203.94076501143604,6.940765011436042
"Central Michigan 26, Eastern Michigan 23",,,18,49,3,117,0,1,5,196,193.77639550199888,-2.223604498001123
"Washington 31, Arizona 24",,,19,55,7,136,0,2,5,193,198.41415303397375,5.414153033973747
"Fresno State 27, Nevada 9",,,25,36,18,125,0,4,9,192,201.1928134022219,9.192813402221901
"Troy 28, Georgia State 7",,,20,35,21,125,0,4,6,192,189.39827553598283,-2.601724464017167
"Alabama 40, Mississippi State 17",,,23,57,23,118,0,3,6,191,199.11330932288257,8.113309322882571
"Buffalo 13, Akron 10",,,22,23,3,125,0,1,12,190,197.8541505088069,7.854150508806896
"Wyoming 35, New Mexico 26",,,23,61,9,123,0,2,8,190,205.89698897802032,15.896988978020318
"Georgia 27, Auburn 20",,,22,47,7,126,0,3,7,187,201.39987781923656,14.399877819236565
"Minnesota 35, Louisiana 24",,,20,59,11,117,0,3,5,186,197.31669983545868,11.316699835458678
"Kentucky 33, Florida 14",,,21,47,19,114,0,1,8,185,193.98539252965134,8.985392529651335
"Rutgers 52, Wagner 3",,,18,55,49,110,0,0,5,184,178.74843680719394,-5.25156319280606
"Texas 40, Kansas 14",,,22,54,26,132,0,2,6,183,197.3879506552578,14.38795065525781
"UNLV 44, Hawai'i 20",,,24,64,24,129,0,2,8,180,204.3775813336347,24.37758133363471
"Michigan 45, Nebraska 7",,,19,52,38,120,0,1,4,179,184.91261845496135,5.912618454961347
"Oregon 42, Stanford 6",,,19,48,36,131,0,0,6,177,186.55808905917192,9.55808905917192
"Miami (OH) 23, Kent State 3",,,23,26,20,122,0,0,13,173,194.65227921002767,21.65227921002767
"Air Force 49, San Diego State 10",,,17,59,39,114,0,1,6,172,181.7077345337527,9.7077345337527
"Texas Tech 49, Houston 28",,,21,77,21,135,2,0,9,132,203.60522204790317,71.60522204790317
"Louisiana 45, Buffalo 38",,,29,83,7,146,0,5,8,235,226.83394578598515,-8.16605421401485
"Georgia State 30, Coastal Carolina 17",,,19,47,13,137,0,1,6,230,194.85473962042306,-35.14526037957694
"Indiana 29, Akron 27",,,31,56,2,144,0,5,12,229,226.477748582536,-2.522251417463991
"Toledo 49, Western Michigan 31",,,32,80,18,149,0,8,7,227,228.44760931544957,1.4476093154495686
"James Madison 45, Utah State 38",,,34,83,7,153,0,8,8,223,237.62368687515297,14.62368687515297
"West Virginia 20, Texas Tech 13",,,26,33,7,145,0,2,12,221,209.6204004310347,-11.37959956896529
"NC State 24, Virginia 21",,,26,45,3,138,0,3,12,219,212.7859301446123,-6.214069855387692
"Northwestern 37, Minnesota 34",,,29,71,3,141,0,1,14,219,225.91494825201633,6.91494825201633
"Kentucky 45, Vanderbilt 28",,,29,73,17,134,0,5,12,217,220.04464364241957,3.0446436424195724
"South Florida 42, Rice 29",,,23,71,13,140,0,1,6,215,209.03945309199904,-5.960546908000964
"Oregon 42, Colorado 6",,,21,48,36,131,0,1,9,213,190.98218976772915,-22.017810232270847
"Old Dominion 10, Texas A&M-Commerce 9",,,27,19,1,128,0,6,12,213,207.65383029733857,-5.346169702661427
"Troy 27, Western Kentucky 24",,,24,51,3,135,0,5,9,213,209.13682324495764,-3.8631767550423604
"USC 42, Arizona State 28",,,24,70,14,131,0,3,5,211,208.9095022320855,-2.0904977679145134
"Florida State 31, Clemson 24",,,24,55,7,136,0,1,10,210,209.35471954299075,-0.6452804570092496
"Maryland 31, Michigan State 9",,,22,40,22,142,0,6,5,210,196.30862926908134,-13.691370730918663
"Texas A&M 27, Auburn 10",,,23,37,17,122,0,1,14,209,198.3695387475002,-10.6304612524998
"Washington State 38, Oregon State 35",,,22,73,3,138,0,3,2,208,209.81227928005862,1.8122792800586183
"North Carolina 41, Pittsburgh 24",,,24,65,17,129,2,3,7,207,206.74530969316024,-0.25469030683976257
"Kansas State 44, UCF 31",,,23,75,13,141,0,3,3,206,209.49158985209706,3.4915898520970643
"Iowa State 34, Oklahoma State 27",,,30,61,7,144,0,2,16,206,224.84459575130384,18.844595751303842
"Georgia Tech 30, Wake Forest 16",,,25,46,14,141,0,6,5,205,206.34481726950736,1.3448172695073595
"Marshall 24, Virginia Tech 17",,,27,41,7,136,0,3,12,205,212.21407424797744,7.214074247977436
"Washington 59, California 32",,,25,91,27,143,1,4,6,204,213.2677078356659,9.267707835665902
"Wisconsin 38, Purdue 17",,,22,55,21,140,0,4,5,203,200.10578408962536,-2.8942159103746405
"Georgia 49, UAB 21",,,26,70,28,153,0,4,9,203,211.799344872252,8.799344872251993
"Arkansas State 44, Southern Mississippi 37",,,28,81,7,135,0,3,8,203,222.98282968293518,19.982829682935176
"Wyoming 22, Appalachian State 19",,,24,41,3,132,0,3,12,202,206.97775279688386,4.977752796883863
"UNLV 45, UTEP 28",,,26,73,17,140,0,4,8,202,214.27871929828103,12.278719298281032
"New Mexico 34, UMass 31",,,22,65,3,125,0,0,5,202,206.826131435795,4.826131435794991
"Tennessee 45, UTSA 14",,,30,59,31,147,0,4,13,202,216.02012073432934,14.020120734329339
"Missouri 34, Memphis 27",,,24,61,7,137,0,3,7,201,210.2835800413218,9.283580041321812
"Houston 38, Sam Houston State 7",,,23,45,31,127,0,2,8,201,195.1904545693635,-5.80954543063649
"LSU 34, Arkansas 31",,,19,65,3,126,0,3,3,200,200.36803564001306,0.368035640013062
"Miami (OH) 62, Delaware State 20",,,23,82,42,127,0,0,6,200,200.12695180653213,0.12695180653213356
"Duke 41, Connecticut 7",,,26,48,34,127,0,2,11,200,201.4064729634907,1.4064729634906996
"Florida 22, Charlotte 7",,,22,29,15,112,0,2,9,200,192.86408340833665,-7.135916591663346
"East Carolina 44, Gardner-Webb 0",,,29,44,44,137,0,6,12,200,204.32867850088883,4.328678500888827
"Oklahoma 20, Cincinnati 6",,,24,26,14,151,0,3,10,199,201.9886538722014,2.988653872201411
"Nebraska 28, Louisiana Tech 14",,,23,42,14,129,0,1,13,198,201.3855272993123,3.3855272993122867
"Colorado State 31, Middle Tennessee 23",,,23,54,8,147,0,3,10,197,208.1278407941067,11.127840794106703
"Illinois 23, Florida Atlantic 17",,,25,40,6,150,0,3,10,197,209.90729437412713,12.907294374127133
"Georgia Southern 40, Ball State 3",,,27,43,37,134,0,2,15,197,202.8197124394169,5.8197124394168895
"Tulsa 22, Northern Illinois 14",,,27,36,8,138,0,6,10,197,210.40074722724776,13.400747227247763
"Miami 41, Temple 7",,,22,48,34,125,0,3,7,196,192.36125503660827,-3.63874496339173
"South Carolina 37, Mississippi State 30",,,24,67,7,138,0,3,7,196,211.8521324926592,15.852132492659194
"Ohio State 17, Notre Dame 14",,,17,31,3,129,0,0,5,196,189.21424670380608,-6.785753296193917
"Ohio 38, Bowling Green 7",,,24,45,31,110,0,5,9,195,194.7700509060416,-0.22994909395839613
"Kansas 38, BYU 27",,,19,65,11,129,0,3,3,194,198.07544500471136,4.075445004711355
"Arizona 21, Stanford 20",,,21,41,1,133,0,0,9,193,201.51676814947393,8.516768149473933
"Syracuse 29, Army 16",,,23,45,13,130,0,3,8,193,201.61798932405566,8.617989324055657
"Boise State 34, San Diego State 31",,,24,65,3,126,0,2,8,192,211.3086021490301,19.308602149030094
"Central Michigan 34, South Alabama 30",,,22,64,4,129,0,0,9,192,207.4423870388602,15.442387038860204
"TCU 34, SMU 17",,,22,51,17,151,0,2,5,190,202.1884198527104,12.18841985271041
"Utah 14, UCLA 7",,,28,21,7,132,0,3,16,189,209.5450924635905,20.545092463590493
"Louisville 56, Boston College 28",,,24,84,28,134,0,0,7,188,208.48299036077407,20.482990360774068
"Jacksonville State 21, Eastern Michigan 0",,,27,21,21,138,0,3,15,186,203.46473372387996,17.46473372387996
"Texas State 35, Nevada 24",,,22,59,11,136,0,6,4,186,203.57046225744287,17.57046225744287
"Texas 38, Baylor 6",,,25,44,32,143,0,3,8,186,200.7721569127802,14.77215691278019
"Air Force 45, San Jose State 20",,,18,65,25,127,0,1,3,185,191.2079486655102,6.207948665510202
"Penn State 31, Iowa 0",,,22,31,31,130,0,4,10,185,190.41606808140045,5.416068081400454
"Tulane 36, Nicholls State 7",,,23,43,29,124,1,7,7,185,194.41557471802204,9.415574718022043
"Alabama 24, Ole Miss 10",,,21,34,14,131,0,2,8,184,194.85149198778842,10.851491987788421
"Fresno State 53, Kent State 10",,,20,63,43,120,0,0,6,175,188.25427716654943,13.254277166549429
"Liberty 38, Florida International 6",,,25,44,32,122,0,5,8,174,197.70612847945412,23.706128479454122
"Hawai'i 20, New Mexico State 17",,,19,37,3,114,0,2,7,173,192.7528990158317,19.7528990158317
"Michigan 31, Rutgers 7",,,15,38,24,105,0,1,4,171,176.18948393901968,5.189483939019681
"Louisiana 41, UAB 21",,,27,62,20,137,0,6,6,311,211.7586137510331,-99.2413862489669
"Baylor 30, LIU 7",,,19,37,23,118,0,2,6,284,186.37719826964815,-97.62280173035185
"Alabama 17, South Florida 3",,,25,20,14,139,0,3,13,246,201.38979853264385,-44.61020146735615
"Colorado 43, Colorado State 35",,,31,78,8,159,0,6,11,244,231.52672643210616,-12.473273567893841
"Penn State 30, Illinois 13",,,30,43,17,151,0,5,13,237,217.4183796471873,-19.581620352812706
"Appalachian State 43, East Carolina 28",,,26,71,15,134,0,5,8,234,213.5686304945617,-20.43136950543831
"Iowa 41, Western Michigan 10",,,27,51,31,119,0,3,12,231,204.12200888064064,-26.877991119359365
"UNLV 40, Vanderbilt 37",,,30,77,3,152,0,6,8,226,229.52013915748014,3.520139157480145
"Washington 41, Michigan State 7",,,24,48,34,134,0,2,10,226,198.19080933883157,-27.80919066116843
"North Texas 40, Louisiana Tech 37",,,23,77,3,153,0,2,5,222,215.4133472528618,-6.586652747138203
"BYU 38, Arkansas 31",,,30,69,7,131,1,3,13,220,224.3928539068917,4.392853906891702
"Texas State 77, Jackson State 34",,,26,111,43,141,0,2,5,220,214.35506791422804,-5.644932085771956
"Wake Forest 27, Old Dominion 24",,,30,51,3,147,0,5,14,216,223.67017458739042,7.67017458739042
"Syracuse 35, Purdue 20",,,23,55,15,150,0,5,5,214,205.45260720867702,-8.547392791322977
"Ohio State 63, Western Kentucky 10",,,26,73,53,132,0,6,6,214,200.50706272838787,-13.492937271612135
"Florida State 31, Boston College 29",,,23,60,2,133,0,3,8,213,209.3316957953913,-3.6683042046086882
"Rice 59, Texas Southern 7",,,27,66,52,119,0,2,11,213,200.50975566345974,-12.490244336540258
"Ole Miss 48, Georgia Tech 23",,,22,71,25,145,0,0,3,212,203.25787827452456,-8.742121725475442
"Liberty 55, Buffalo 27",,,33,82,28,146,0,2,9,212,227.93658968911603,15.936589689116033
"Georgia State 41, Charlotte 25",,,24,66,16,136,1,2,9,211,208.69059790324792,-2.3094020967520805
"Florida International 24, Connecticut 17",,,28,41,7,132,0,0,17,210,214.71225337149733,4.712253371497326
"Oregon 55, Hawai'i 10",,,22,65,45,127,0,1,9,210,193.44683668350385,-16.553163316496153
"TCU 36, Houston 13",,,26,49,23,150,1,4,6,210,207.59126638756538,-2.4087336124346166
"Memphis 28, Navy 24",,,28,52,4,136,0,4,11,209,217.62377535177586,8.623775351775862
"Florida 29, Tennessee 16",,,22,45,13,131,0,1,6,209,199.58439213950854,-9.415607860491463
"Fresno State 29, Arizona State 0",,,26,29,29,147,0,8,7,208,200.2179294382608,-7.782070561739204
"James Madison 16, Troy 14",,,27,30,2,130,0,1,15,208,211.09383218663254,3.0938321866325396
"Missouri 30, Kansas State 27",,,26,57,3,138,0,1,11,208,215.64640520823627,7.646405208236274
"Maryland 42, Virginia 14",,,22,56,28,130,1,4,8,205,197.07073552937922,-7.9292644706207795
"Clemson 48, Florida Atlantic 14",,,29,62,34,148,0,5,10,202,213.2862852520989,11.286285252098907
"Eastern Michigan 19, UMass 17",,,27,36,2,127,0,5,11,202,211.1492554447942,9.149255444794193
"South Alabama 33, Oklahoma State 7",,,24,40,26,127,0,2,13,202,198.5026495637332,-3.4973504362667995
"Notre Dame 41, Central Michigan 17",,,23,58,24,119,0,0,9,201,199.87128882045215,-1.1287111795478495
"Oklahoma 66, Tulsa 17",,,25,83,49,136,0,7,6,201,202.70584108103802,1.7058410810380167
"California 31, Idaho 17",,,23,48,14,140,0,3,4,199,202.738861185856,3.7388611858559955
"Nebraska 35, Northern Illinois 11",,,26,46,24,126,0,2,15,199,204.81559523892074,5.815595238920736
"West Virginia 17, Pittsburgh 6",,,23,23,11,118,0,4,8,199,195.31037571817603,-3.689624281823967
"Toledo 21, San Jose State 17",,,23,38,4,129,0,4,10,199,203.0970445694003,4.09704456940031
"Wisconsin 35, Georgia Southern 14",,,26,49,21,149,0,6,9,197,208.4494657623956,11.44946576239559
"LSU 41, Mississippi State 14",,,21,55,27,126,0,0,9,197,195.08502903868236,-1.9149709613176356
"Sacramento State 30, Stanford 23",,,21,53,7,135,0,4,3,196,201.3436883872235,5.343688387223494
"Boise State 42, North Dakota 18",,,26,60,24,133,0,5,8,196,207.76206755927294,11.762067559272936
"Army 37, UTSA 29",,,20,66,8,132,0,1,6,195,202.39626414192168,7.396264141921677
"Texas Tech 41, Tarleton State 3",,,24,44,38,152,0,4,9,195,198.0544446556311,3.0544446556311016
"Coastal Carolina 66, Duquesne 7",,,22,73,59,117,0,5,4,194,188.11189008960577,-5.888109910394235
"Temple 41, Norfolk State 9",,,20,50,32,125,0,1,5,194,189.33071271424387,-4.669287285756127
"Washington State 64, Northern Colorado 21",,,24,85,43,135,0,1,9,194,204.0224999966773,10.022499996677311
"UCF 48, Villanova 14",,,26,62,34,140,0,1,12,194,206.78239626907583,12.782396269075832
"Rutgers 35, Virginia Tech 16",,,26,51,19,121,0,2,12,194,206.5281628779867,12.528162877986688
"North Carolina 31, Minnesota 13",,,23,44,18,138,0,4,9,193,200.87422198002,7.874221980019996
"Georgia 24, South Carolina 14",,,21,38,10,137,0,2,8,192,197.98909405669286,5.989094056692863
"Kentucky 35, Akron 3",,,21,38,32,114,0,4,6,191,186.88025404135388,-4.119745958646121
"Kansas 31, Nevada 24",,,21,55,7,126,0,1,8,191,201.61446384006857,10.614463840068566
"Middle Tennessee 35, Murray State 14",,,27,49,21,130,0,4,10,191,208.15235578559947,17.152355785599468
"Arizona 31, UTEP 10",,,23,41,21,125,0,2,10,191,197.66469221053194,6.664692210531939
"Texas 31, Wyoming 10",,,20,41,21,118,0,2,11,191,190.81924970661015,-0.18075029338984905
"Kent State 38, Central Connecticut State 10",,,27,48,28,123,0,3,12,190,204.9758485993007,14.97584859930069
"SMU 69, Prairie View A&M 0",,,24,69,69,122,0,1,11,190,189.92939705195067,-0.0706029480493271
"Ball State 45, Indiana State 7",,,24,52,38,119,0,4,10,186,195.55464862919317,9.554648629193167
"Auburn 45, Samford 13",,,25,58,32,140,0,5,6,186,203.21427724718512,17.214277247185123
"Tulane 21, Southern Mississippi 3",,,21,24,18,120,0,0,10,186,190.07161464430447,4.071614644304475
"Air Force 39, Utah State 21",,,19,60,18,129,0,2,6,185,195.07404882811005,10.074048828110051
"Oregon State 26, San Diego State 9",,,23,35,17,128,0,3,9,185,197.7636308167006,12.763630816700612
"Michigan 31, Bowling Green 6",,,25,37,25,101,0,7,9,182,195.5007243440722,13.50072434407221
"Louisville 21, Indiana 14",,,20,35,7,123,0,2,8,182,194.33985029014667,12.339850290146671
"Ohio 10, Iowa State 7",,,21,17,3,116,0,2,11,179,192.92642587699103,13.926425876991033
"Texas A&M 47, Louisiana Monroe 3",,,22,50,44,121,0,0,9,179,189.45959925203874,10.459599252038743
"Miami 48, Bethune-Cookman 7",,,20,55,41,117,0,2,8,178,186.7689292854758,8.768929285475792
"Arkansas State 31, Stony Brook 7",,,22,38,24,131,0,0,10,178,194.91229488176097,16.91229488176097
"New Mexico State 27, New Mexico 17",,,18,44,10,116,0,1,6,174,190.23682719740847,16.236827197408473
"Utah 31, Weber State 7",,,21,38,24,115,0,2,9,174,190.3660615762153,16.366061576215287
"UCLA 59, North Carolina Central 7",,,26,66,52,124,0,3,10,173,198.94953955927963,25.94953955927963
"NC State 45, Virginia Military 7",,,18,52,38,122,1,1,9,173,183.97660885099742,10.976608850997422
"Duke 38, Northwestern 14",,,19,52,24,130,0,1,6,172,191.35474558486425,19.354745584864247
"Miami (OH) 31, Cincinnati 24",,,24,55,7,140,0,4,6,95,209.02865147488214,114.02865147488214
"Miami (OH) 41, UMass 28",,,28,69,13,122,0,5,11,410,216.61237744349054,-193.38762255650946
"Boston College 31, Holy Cross 28",,,17,59,3,122,0,1,6,351,194.99958898033464,-156.00041101966536
"Notre Dame 45, NC State 24",,,32,69,21,139,0,4,12,325,224.54591008564586,-100.45408991435414
"Wake Forest 36, Vanderbilt 20",,,21,56,16,137,0,4,4,322,199.44922515917605,-122.55077484082395
"West Virginia 56, Duquesne 17",,,28,73,39,141,0,4,9,309,211.15516336670086,-97.84483663329914
"Marshall 31, East Carolina 13",,,28,44,18,137,0,3,9,307,210.87695810392307,-96.12304189607693
"James Madison 36, Virginia 35",,,28,71,1,127,1,1,13,280,222.48243346997248,-57.51756653002752
"Navy 24, Wagner 0",,,26,24,24,129,0,2,14,267,199.8268879985774,-67.1731120014226
"Coastal Carolina 30, Jacksonville State 16",,,23,46,14,147,0,1,7,240,203.87049805709768,-36.12950194290232
"Rice 43, Houston 41",,,26,84,2,154,0,3,7,238,223.8351604710461,-14.164839528953905
"Fresno State 34, Eastern Washington 31",,,32,65,3,157,0,3,11,234,232.09584854767292,-1.9041514523270848
"Miami 48, Texas A&M 33",,,26,81,15,136,1,4,6,233,215.9892432315737,-17.01075676842629
"Oregon 38, Texas Tech 30",,,24,68,8,145,0,4,6,224,212.48079516343637,-11.519204836563631
"San Jose State 59, Cal Poly 3",,,23,62,56,123,1,3,8,222,190.14740033702805,-31.852599662971954
"South Florida 38, Florida A&M 24",,,27,62,14,153,0,5,9,222,216.56319501720492,-5.436804982795081
"Central Michigan 45, New Hampshire 42",,,26,87,3,138,1,4,8,221,222.07755809676476,1.0775580967647613
"Ohio 17, Florida Atlantic 10",,,24,27,7,132,0,5,9,220,201.64712750363802,-18.352872496361982
"North Carolina 40, Appalachian State 34",,,23,74,6,162,0,1,4,218,214.84841379806642,-3.1515862019335827
"Louisiana Tech 51, Northwestern State 21",,,31,72,30,138,0,5,12,217,219.9841808603116,2.9841808603115965
"Akron 24, Morgan State 21",,,28,45,3,131,0,8,11,216,215.28175795007874,-0.7182420499212583
"LSU 72, Grambling 10",,,22,82,62,142,0,2,4,215,192.941311144038,-22.058688855962004
"Tennessee 30, Austin Peay 13",,,25,43,17,140,0,3,8,214,205.19565323103,-8.804346768969992
"Florida International 46, North Texas 39",,,29,85,7,149,0,6,7,214,227.48591217247755,13.485912172477555
"Florida State 66, Southern Mississippi 13",,,24,79,53,131,0,1,8,214,198.4942460742089,-15.505753925791112
"Mississippi State 31, Arizona 24",,,25,55,7,128,0,6,6,212,209.2202753970173,-2.7797246029826965
"UTSA 20, Texas State 13",,,23,33,7,151,0,1,11,212,204.33414557598152,-7.665854424018477
"Ole Miss 37, Tulane 20",,,27,57,17,145,0,3,9,210,213.40895786298034,3.408957862980344
"Rutgers 36, Temple 7",,,25,43,29,144,0,3,10,210,202.00735631914853,-7.992643680851472
"Georgia Southern 49, UAB 35",,,24,84,14,145,0,5,2,208,213.54421375964702,5.544213759647022
"Syracuse 48, Western Michigan 7",,,24,55,41,149,0,1,11,208,199.8056944818132,-8.194305518186809
"Louisville 56, Murray State 0",,,27,56,56,132,0,5,12,207,198.49108200979833,-8.508917990201667
"Colorado 36, Nebraska 14",,,26,50,22,140,0,5,8,207,207.02405111088038,0.0240511108803787
"Utah 20, Baylor 13",,,22,33,7,130,0,3,8,206,198.77622642785389,-7.223773572146115
"Hawai'i 31, Albany (NY) 20",,,29,51,11,145,0,5,11,205,218.19378705409548,13.19378705409548
"Maryland 38, Charlotte 20",,,22,58,18,124,0,4,8,205,200.1018397793031,-4.898160220696894
"Texas 34, Alabama 24",,,24,58,10,137,0,2,8,205,208.7929951161716,3.7929951161715962
"Army 57, Delaware State 0",,,23,57,57,126,0,3,6,204,188.7124882488182,-15.287511751181796
"Fordham 40, Buffalo 37",,,21,77,3,139,0,1,4,204,209.37168889075807,5.371688890758065
"TCU 41, Nicholls State 6",,,27,47,35,145,1,4,10,204,205.01281549281228,1.0128154928122797
"Penn State 63, Delaware 7",,,23,70,56,132,0,2,9,203,193.53962748136078,-9.460372518639218
"South Carolina 47, Furman 21",,,27,68,26,143,0,2,11,203,213.10776570296724,10.107765702967242
"Washington State 31, Wisconsin 22",,,24,53,9,137,0,3,9,203,208.01953116147575,5.019531161475754
"Kansas 34, Illinois 23",,,22,57,11,129,0,4,5,200,202.44498215635755,2.444982156357554
"UCLA 35, San Diego State 10",,,27,45,25,139,0,5,12,200,207.3302406936999,7.330240693699892
"Cincinnati 27, Pittsburgh 21",,,24,48,6,130,0,2,10,200,207.11435460053676,7.114354600536757
"Georgia State 35, Connecticut 14",,,26,49,21,141,0,4,9,199,207.50243833320985,8.502438333209852
"Missouri 23, Middle Tennessee 19",,,20,42,4,130,0,0,9,199,198.31236470350296,-0.6876352964970351
"USC 56, Stanford 10",,,27,66,46,130,1,3,12,197,204.14262862312862,7.142628623128616
"UCF 18, Boise State 16",,,20,34,2,131,0,3,7,196,196.66097121824168,0.6609712182416843
"New Mexico 56, Tennessee Tech 10",,,25,66,46,127,0,4,8,195,198.98347191104023,3.983471911040226
"Kansas State 42, Troy 13",,,26,55,29,136,0,3,10,195,205.77287008115616,10.772870081156157
"Indiana 41, Indiana State 7",,,21,48,34,122,0,2,9,194,190.33368099232783,-3.666319007672172
"Clemson 66, Charleston Southern 17",,,27,83,49,133,0,3,11,194,207.43463389887296,13.43463389887296
"Oklahoma 28, SMU 11",,,23,39,17,153,0,2,9,194,202.2566204410856,8.256620441085602
"BYU 41, Southern Utah 16",,,25,57,25,115,0,3,10,193,202.68523379687625,9.685233796876247
"Auburn 14, California 10",,,26,24,4,133,0,7,9,192,205.95024349989447,13.95024349989447
"Old Dominion 38, Louisiana 31",,,21,69,7,130,0,0,6,192,205.26528652682333,13.265286526823331
"Oklahoma State 27, Arizona State 15",,,24,42,12,126,0,1,9,191,203.01997908263712,12.019979082637121
"Michigan State 45, Richmond 14",,,24,59,31,115,0,3,9,191,198.9590457207854,7.9590457207854115
"Southern Illinois 14, Northern Illinois 11",,,25,25,3,122,0,3,12,191,203.7923717503525,12.792371750352487
"Ohio State 35, Youngstown State 7",,,20,42,28,119,0,1,8,191,188.42706700317547,-2.572932996824534
"Georgia Tech 48, South Carolina State 13",,,24,61,35,128,0,4,6,190,199.32117764166262,9.321177641662615
"Georgia 45, Ball State 3",,,25,48,42,126,1,4,10,188,196.22822386230334,8.228223862303338
"Western Kentucky 52, Houston Christian 22",,,22,74,30,127,0,3,7,188,200.18929327952262,12.189293279522616
"Liberty 33, New Mexico State 17",,,20,50,16,127,0,4,4,188,194.6230203523774,6.623020352377409
"Purdue 24, Virginia Tech 17",,,27,41,7,142,0,2,13,188,213.28426272946308,25.28426272946308
"Toledo 71, Texas Southern 3",,,23,74,68,137,0,2,8,188,190.96348979349835,2.963489793498354
"Bowling Green 38, Eastern Illinois 15",,,18,53,23,123,0,1,5,187,188.79079453525316,1.7907945352531556
"Iowa 20, Iowa State 13",,,23,33,7,126,0,2,12,187,200.95449325775772,13.954493257757719
"Minnesota 25, Eastern Michigan 6",,,17,31,19,113,0,3,5,186,181.34464453127777,-4.6553554687222345
"Oregon State 55, UC Davis 7",,,25,62,48,122,1,2,12,185,197.46076644777983,12.460766447779832
"Memphis 37, Arkansas State 3",,,25,40,34,141,0,4,12,185,199.4245614635533,14.424561463553289
"Michigan 35, UNLV 7",,,22,42,28,118,0,1,9,185,192.4730180476646,7.4730180476645955
"Utah State 78, Idaho State 28",,,29,106,50,152,0,3,9,183,218.91239638357112,35.91239638357112
"Florida 49, McNeese State 7",,,20,56,42,114,0,1,8,181,186.33369188348567,5.33369188348567
"Kentucky 28, Eastern Kentucky 17",,,22,45,11,117,0,3,8,180,198.48374560834523,18.48374560834523
"Northwestern 38, UTEP 7",,,23,45,31,124,0,3,8,180,194.695299627488,14.695299627487998
"Washington 43, Tulsa 10",,,19,53,33,134,0,3,3,180,188.46073930915892,8.460739309158924
"Idaho 33, Nevada 6",,,21,39,27,122,0,4,5,174,189.7581099396424,15.758109939642395
"Duke 42, Lafayette 7",,,18,49,35,117,0,3,4,173,182.6255458275159,9.625545827515907
"Wyoming 31, Portland State 17",,,23,48,14,134,0,4,8,172,202.46812185284594,30.46812185284594
"Louisiana Monroe 24, Lamar 14",,,20,38,10,124,1,2,10,169,194.49769641406854,25.497696414068542
"Arkansas 28, Kent State 6",,,18,34,22,117,0,1,8,166,184.24976788444687,18.249767884446868
"Air Force 13, Sam Houston State 3",,,19,16,10,106,0,1,12,161,185.15044269964972,24.150442699649716
"South Alabama 35, Southeastern Louisiana 17",,,19,52,18,124,0,3,6,102,192.39523646002579,90.39523646002579
"Arizona State 24, Southern Utah 21",,,22,45,3,114,1,0,14,366,201.97570891769914,-164.02429108230086
"Florida International 14, Maine 12",,,23,26,2,139,0,4,9,264,202.1375582629946,-61.86244173700541
"Western Kentucky 41, South Florida 24",,,29,65,17,168,0,3,12,250,223.00273319911196,-26.997266800888042
"Troy 48, Stephen F. Austin 30",,,25,78,18,123,0,5,4,235,210.04778905140262,-24.952210948597383
"Georgia 48, Tennessee-Martin 7",,,26,55,41,132,0,1,14,232,201.95732539947917,-30.042674600520826
"Wyoming 35, Texas Tech 33",,,28,68,2,158,0,3,9,229,224.91911762255788,-4.080882377442123
"Louisiana 38, Northwestern State 13",,,31,51,25,134,0,4,16,228,216.83696117881294,-11.163038821187058
"Michigan State 31, Central Michigan 7",,,26,38,24,130,0,1,14,226,203.38234663480736,-22.617653365192638
"Texas State 42, Baylor 31",,,24,73,11,145,0,4,5,226,212.49731429986753,-13.502685700132474
"Stanford 37, Hawai'i 24",,,22,61,13,139,0,0,8,224,204.90502282983016,-19.09497717016984
"Louisville 39, Georgia Tech 34",,,28,73,5,135,0,3,8,223,221.75286831630729,-1.2471316836927144
"Florida Atlantic 42, Monmouth 20",,,30,62,22,142,0,3,11,223,218.84973286942625,-4.150267130573752
"San Diego State 36, Idaho State 28",,,29,64,8,147,0,6,8,222,222.0249734842972,0.024973484297191817
"Illinois 30, Toledo 28",,,20,58,2,140,0,2,6,222,203.54720860904837,-18.45279139095163
"Temple 24, Akron 21",,,25,45,3,134,0,1,13,220,210.54009626595885,-9.459903734041148
"Colorado 45, TCU 42",,,25,87,3,160,0,3,5,219,222.71006581996716,3.7100658199671557
"UNLV 44, Bryant 14",,,24,58,30,135,0,3,6,217,201.34710588850237,-15.65289411149763
"Northern Illinois 27, Boston College 24",,,24,51,3,143,0,2,13,217,211.1234661527263,-5.876533847273691
"Fresno State 39, Purdue 35",,,24,74,4,142,1,1,8,216,215.40950319610047,-0.5904968038995264
"Oregon 81, Portland State 7",,,26,88,74,129,0,1,9,214,197.4392700479144,-16.56072995208561
"Washington 56, Boise State 19",,,28,75,37,136,0,2,12,213,212.2566064610527,-0.7433935389472879
"Liberty 34, Bowling Green 24",,,25,58,10,131,0,6,5,213,209.17521450513044,-3.824785494869559
"Wisconsin 38, Buffalo 17",,,29,55,21,142,0,2,12,213,215.74734641470218,2.7473464147021787
"SMU 38, Louisiana Tech 14",,,24,52,24,136,0,1,9,213,202.72580862236052,-10.274191377639482
"Iowa 24, Utah State 14",,,26,38,10,141,0,1,12,213,209.3232956825681,-3.6767043174318985
"California 58, North Texas 21",,,31,79,37,148,0,5,9,212,220.18758926936053,8.18758926936053
"Tennessee 49, Virginia 13",,,29,62,36,149,0,1,14,212,213.70733714905546,1.707337149055462
"Oklahoma State 27, Central Arkansas 13",,,23,40,14,144,0,2,11,212,202.58473121930362,-9.41526878069638
"Texas A&M 52, New Mexico 10",,,22,62,42,123,0,1,8,211,193.0337366793621,-17.966263320637893
"Southern Mississippi 40, Alcorn State 14",,,25,54,26,112,0,3,10,210,201.21653768645962,-8.783462313540383
"Houston 17, UTSA 14",,,23,31,3,143,0,3,10,210,203.78432682363405,-6.215673176365954
"Minnesota 13, Nebraska 10",,,19,23,3,125,0,5,7,207,190.6979927553408,-16.302007244659194
"Missouri 35, South Dakota 10",,,21,45,25,126,0,1,8,207,193.13844287216583,-13.861557127834175
"UCLA 27, Coastal Carolina 13",,,22,40,14,137,0,6,4,206,198.16456760141125,-7.83543239858875
"Maryland 38, Towson 6",,,21,44,32,144,0,0,7,206,192.94179711274015,-13.058202887259853
"Florida State 45, LSU 24",,,23,69,21,130,0,3,6,206,204.31116017824493,-1.6888398217550673
"Rutgers 24, Northwestern 7",,,23,31,17,136,0,3,11,206,198.23701289273154,-7.762987107268458
"Duke 28, Clemson 7",,,25,35,21,147,0,5,9,206,202.90342712773207,-3.0965728722679273
"Georgia State 42, Rhode Island 35",,,23,77,7,133,0,2,8,205,211.77152483657204,6.771524836572041
"Eastern Michigan 33, Howard 23",,,21,56,10,133,2,1,7,205,201.64620415650205,-3.3537958434979487
"Vanderbilt 47, Alabama A&M 13",,,25,60,34,132,0,2,10,205,202.78661052066923,-2.213389479330772
"New Mexico State 58, Western Illinois 21",,,23,79,37,122,0,0,8,205,200.7320736411416,-4.2679263588584035
"Washington State 50, Colorado State 24",,,26,74,26,151,1,4,8,204,212.99307363205045,8.993073632050454
"Memphis 56, Bethune-Cookman 14",,,29,70,42,129,0,4,13,203,210.4158830847317,7.415883084731689
"Cincinnati 66, Eastern Kentucky 13",,,25,79,53,128,0,4,5,203,199.37162040504325,-3.6283795949567548
"Arkansas 56, Western Carolina 13",,,25,69,43,131,0,5,10,203,201.5072512718292,-1.4927487281707954
"Kentucky 44, Ball State 14",,,20,58,30,122,1,3,6,202,191.49926490933927,-10.500735090660726
"Ole Miss 73, Mercer 7",,,25,80,66,142,1,4,8,201,197.62692076520466,-3.373079234795341
"UCF 56, Kent State 6",,,25,62,50,149,0,4,7,200,199.56065463831416,-0.43934536168583804
"BYU 14, Sam Houston State 0",,,28,14,14,124,0,3,19,200,204.87991142368898,4.879911423688981
"Oklahoma 73, Arkansas State 0",,,24,73,73,132,1,1,8,199,190.43312023310634,-8.566879766893663
"Louisiana Monroe 17, Army 13",,,24,30,4,125,0,7,10,199,202.40881219974958,3.408812199749576
"Virginia Tech 36, Old Dominion 17",,,24,53,19,141,0,3,7,198,204.86860851711796,6.868608517117963
"Tulane 37, South Alabama 17",,,23,54,20,115,0,8,2,198,197.95886490649136,-0.041135093508643195
"USC 66, Nevada 14",,,26,80,52,126,0,2,8,197,202.3235997727577,5.323599772757689
"Ohio State 23, Indiana 3",,,21,26,20,121,0,1,10,195,189.92977480091113,-5.070225199088867
"Marshall 21, Albany (NY) 17",,,25,38,4,135,0,1,10,194,208.19180813654418,14.191808136544182
"Syracuse 65, Colgate 0",,,30,65,65,147,0,6,10,194,205.30272902885102,11.302729028851019
"Michigan 30, East Carolina 3",,,18,33,27,117,0,1,7,194,182.1591822198748,-11.840817780125207
"Auburn 59, UMass 14",,,25,73,45,120,0,2,7,194,200.02193576576542,6.02193576576542
"Penn State 38, West Virginia 15",,,21,53,23,132,0,0,6,194,196.31279040380238,2.3127904038023814
"Oregon State 42, San Jose State 17",,,20,59,25,127,0,1,5,194,194.12199956163377,0.12199956163377124
"Western Michigan 35, St. Francis (PA) 17",,,20,52,18,139,0,1,9,193,197.12286818832337,4.122868188323366
"North Carolina 31, South Carolina 17",,,24,48,14,141,0,2,7,193,205.44914436925637,12.449144369256373
"James Madison 38, Bucknell 3",,,26,41,35,122,0,2,12,192,198.86745673302647,6.867456733026472
"Arizona 38, Northern Arizona 3",,,23,41,35,123,0,3,7,192,192.08971391208013,0.08971391208012847
"Wake Forest 37, Elon 17",,,25,54,20,130,0,3,12,191,206.05798036425247,15.057980364252472
"Alabama 56, Middle Tennessee 7",,,25,63,49,125,0,2,11,191,197.61591540396415,6.615915403964152
"Iowa State 30, Northern Iowa 9",,,25,39,21,117,0,2,15,191,200.90481017910017,9.904810179100167
"Texas 37, Rice 10",,,24,47,27,126,0,3,7,191,198.65498440762713,7.654984407627126
"Appalachian State 45, Gardner-Webb 24",,,25,69,21,143,0,3,8,191,210.45433836536594,19.454338365365942
"Tulsa 42, Arkansas-Pine Bluff 7",,,25,49,35,138,0,4,13,190,200.9760976122299,10.976097612229893
"Kansas State 45, Southeast Missouri State 0",,,23,45,45,134,0,1,10,189,191.82037901305333,2.8203790130533264
"Kansas 48, Missouri State 17",,,23,65,31,114,0,3,6,188,197.7589449840446,9.758944984044604
"Notre Dame 56, Tennessee State 3",,,22,59,53,121,0,3,8,188,188.15873141014194,0.15873141014193948
"NC State 24, Connecticut 14",,,19,38,10,125,0,1,9,187,192.54397782725601,5.543977827256015
"Georgia Southern 34, Citadel 0",,,22,34,34,125,0,3,10,187,189.5038583580625,2.5038583580625016
"UTEP 28, Incarnate Word 14",,,17,42,14,121,0,1,7,187,187.24581107373777,0.24581107373776945
"Utah 24, Florida 11",,,24,35,13,118,0,1,10,186,200.0658191422579,14.065819142257908
"Charlotte 24, South Carolina State 3",,,24,27,21,121,0,3,11,182,195.86620091979825,13.866200919798246
"Mississippi State 48, Southeastern Louisiana 7",,,22,55,41,122,1,1,10,181,191.88506881145057,10.885068811450566
"Pittsburgh 45, Wofford 7",,,21,52,38,113,0,1,10,181,188.9277312280961,7.927731228096093
"Jacksonville State 49, East Tennessee State 3",,,28,52,46,131,0,4,13,179,203.0360435155866,24.036043515586613
"Miami 38, Miami (OH) 3",,,21,41,35,110,0,1,8,178,186.58622767796547,8.586227677965468
"Ohio 27, LIU 10",,,22,37,17,115,0,4,6,177,193.8694965318732,16.86949653187321
"UAB 35, North Carolina A&T 6",,,17,41,29,120,0,1,4,173,181.31239658161618,8.312396581616184
"Air Force 42, Robert Morris 7",,,19,49,35,109,0,3,6,171,183.85049681951563,12.850496819515627
"Louisiana Tech 22, Florida International 17",,,25,39,5,127,0,3,11,217,206.98452068517605,-10.01547931482395
"Vanderbilt 35, Hawai'i 28",,,22,63,7,116,1,2,7,215,203.90986659067784,-11.090133409322164
"San Diego State 20, Ohio 13",,,21,33,7,141,0,4,6,213,197.8864079138087,-15.11359208619129
"UMass 41, New Mexico State 30",,,24,71,11,118,0,3,9,212,209.00386772314033,-2.9961322768596688
"USC 56, San Jose State 28",,,24,84,28,135,1,0,9,207,208.94115125680264,1.941151256802641
"Jacksonville State 17, UTEP 14",,,22,31,3,136,0,3,9,195,200.64354711175434,5.643547111754344
"Notre Dame 42, Navy 3",,,16,45,39,112,0,0,4,170,175.84191623969895,5.841916239698946
