minute,quarter,minute_in_quarter,possessing_team
1,1,1,Michigan
2,1,2,Michigan
3,1,3,Michigan
4,1,4,Michigan
5,1,5,Michigan
6,1,6,Western Michigan
7,1,7,Western Michigan
8,1,8,Western Michigan
9,1,9,Western Michigan
10,1,10,Western Michigan
11,1,11,Michigan
12,1,12,Western Michigan
13,1,13,Western Michigan
14,1,14,Western Michigan
15,1,15,Western Michigan
16,2,1,Michigan
17,2,2,Western Michigan
18,2,3,Western Michigan
19,2,4,Western Michigan
20,2,5,Western Michigan
21,2,6,Western Michigan
22,2,7,Michigan
23,2,8,Western Michigan
24,2,9,Western Michigan
25,2,10,Western Michigan
26,2,11,Michigan
27,2,12,Michigan
28,2,13,Western Michigan
29,2,14,Western Michigan
30,2,15,Michigan
31,3,1,Western Michigan
32,3,2,Western Michigan
33,3,3,Michigan
34,3,4,Michigan
35,3,5,Michigan
36,3,6,Michigan
37,3,7,Western Michigan
38,3,8,Western Michigan
39,3,9,Western Michigan
40,3,10,Western Michigan
41,3,11,Western Michigan
42,3,12,Western Michigan
43,3,13,Western Michigan
44,3,14,Western Michigan
45,3,15,Western Michigan
46,4,1,Western Michigan
47,4,2,Western Michigan
48,4,3,Western Michigan
49,4,4,Western Michigan
50,4,5,Western Michigan
51,4,6,Michigan
52,4,7,Western Michigan
53,4,8,Western Michigan
54,4,9,Western Michigan
55,4,10,Western Michigan
56,4,11,Western Michigan
57,4,12,Western Michigan
58,4,13,Michigan
59,4,14,Western Michigan
60,4,15,Michigan
