season,week,games,average_margin
2026,1,50,23.64
2016,2,46,22.08695652173913
2016,10,59,21.576271186440678
2022,1,53,21.566037735849058
2017,3,51,21.15686274509804
2018,1,45,21.155555555555555
2024,3,52,20.903846153846153
2018,2,49,20.836734693877553
2014,1,38,20.68421052631579
2019,2,46,20.630434782608695
2024,1,39,20.615384615384617
2022,3,50,20.58
2023,1,52,20.365384615384617
2025,2,50,20.28
2015,2,51,20.254901960784313
2019,3,48,20.1875
2021,12,62,19.967741935483872
2015,6,55,19.963636363636365
2019,15,11,19.90909090909091
2014,3,51,19.88235294117647
2021,1,50,19.8
2017,1,44,19.59090909090909
2016,12,58,19.551724137931036
2015,8,55,19.527272727272727
2021,3,52,19.442307692307693
2020,9,43,19.441860465116278
2015,1,39,19.205128205128204
2017,5,53,19.150943396226417
2014,15,14,19.142857142857142
2015,4,52,19.134615384615383
2025,3,47,19.085106382978722
2014,13,53,19
2019,5,51,18.823529411764707
2024,4,54,18.814814814814813
2019,12,51,18.80392156862745
2018,3,49,18.775510204081634
2014,10,54,18.75925925925926
2025,1,48,18.75
2021,14,11,18.636363636363637
2020,8,44,18.613636363636363
2019,1,45,18.6
2017,13,62,18.580645161290324
2016,3,55,18.490909090909092
2015,9,52,18.46153846153846
2023,11,64,18.40625
2017,8,56,18.303571428571427
2025,4,50,18.26
2017,2,46,18.195652173913043
2023,3,54,18.12962962962963
2015,7,56,18.107142857142858
2018,12,60,18.1
2024,2,49,18.020408163265305
2016,13,61,17.9672131147541
2016,1,41,17.926829268292682
2019,9,55,17.89090909090909
2014,4,46,17.869565217391305
2021,13,65,17.83076923076923
2025,13,60,17.75
2016,11,58,17.67241379310345
2025,14,67,17.62686567164179
2017,12,60,17.566666666666666
2018,4,55,17.563636363636363
2019,10,47,17.53191489361702
2016,5,59,17.52542372881356
2020,15,37,17.37837837837838
2020,13,44,17.318181818181817
2019,14,64,17.3125
2014,2,45,17.266666666666666
2017,14,16,17.25
2019,4,49,17.224489795918366
2014,5,52,17.192307692307693
2018,10,61,17.18032786885246
2018,6,56,17.178571428571427
2020,2,14,17.142857142857142
2014,11,48,17.083333333333332
2017,11,59,17.050847457627118
2021,2,45,17.022222222222222
2015,12,58,17
2025,12,58,16.982758620689655
2020,14,45,16.977777777777778
2019,6,48,16.9375
2018,13,64,16.921875
2023,2,47,16.914893617021278
2020,11,44,16.84090909090909
2014,9,49,16.755102040816325
2019,8,61,16.737704918032787
2021,9,53,16.735849056603772
2022,2,47,16.680851063829788
2020,10,48,16.666666666666668
2019,7,52,16.596153846153847
2024,11,50,16.56
2017,4,56,16.553571428571427
2021,5,61,16.540983606557376
2018,11,61,16.475409836065573
2023,7,55,16.472727272727273
2016,4,52,16.46153846153846
2020,4,27,16.444444444444443
2021,11,60,16.35
2018,5,55,16.345454545454544
2017,6,57,16.29824561403509
2016,14,16,16.25
2022,11,64,16.25
2024,12,53,16.22641509433962
2020,3,15,16.2
2022,4,60,16.133333333333333
2015,13,62,16.112903225806452
2023,9,54,16.11111111111111
2018,8,54,16.074074074074073
2022,14,11,16
2025,7,56,15.946428571428571
2019,11,48,15.895833333333334
2021,7,51,15.882352941176471
2018,14,14,15.857142857142858
2015,5,58,15.844827586206897
2025,6,50,15.8
2023,13,65,15.76923076923077
2025,10,52,15.711538461538462
2022,9,47,15.702127659574469
2023,12,64,15.65625
2014,8,52,15.596153846153847
2023,14,10,15.5
2017,9,55,15.454545454545455
2015,11,58,15.431034482758621
2024,6,49,15.428571428571429
2018,7,54,15.425925925925926
2022,12,61,15.40983606557377
2018,9,55,15.381818181818181
2016,8,54,15.333333333333334
2020,7,27,15.333333333333334
2024,14,67,15.328358208955224
2024,13,62,15.32258064516129
2015,10,60,15.316666666666666
2024,10,48,15.270833333333334
2025,9,53,15.245283018867925
2019,13,58,15.224137931034482
2023,4,63,15.222222222222221
2023,6,49,15.183673469387756
2024,5,52,15.153846153846153
2014,14,61,15.01639344262295
2017,7,59,14.983050847457626
2022,6,57,14.964912280701755
2021,6,51,14.803921568627452
2021,8,53,14.716981132075471
2020,12,41,14.707317073170731
2022,13,63,14.698412698412698
2022,10,60,14.683333333333334
2020,6,27,14.666666666666666
2016,9,52,14.634615384615385
2023,8,54,14.61111111111111
2024,9,56,14.607142857142858
2014,6,57,14.596491228070175
2021,10,59,14.59322033898305
2021,4,58,14.586206896551724
2017,10,61,14.278688524590164
2016,6,54,14.277777777777779
2024,7,52,14.25
2014,12,50,14.24
2023,5,56,14.232142857142858
2025,8,59,14.220338983050848
2020,5,28,14.214285714285714
2015,3,52,14.134615384615385
2024,8,59,14.084745762711865
2023,10,62,14.048387096774194
2025,11,51,13.745098039215685
2022,8,52,13.73076923076923
2015,14,15,13.666666666666666
2016,7,53,13.452830188679245
2025,5,51,13.411764705882353
2022,5,57,13.228070175438596
2014,7,50,13.04
2022,7,51,12.529411764705882
2020,16,19,11.31578947368421
