"","seed","team","conf","tram","adj_em","off_svi","def_svi","to_pct","or_pct","d_to_pct","d_or_pct","adj_o","adj_d","off_e_fg_pct","off_ft_rate","def_e_fg_pct","def_ft_rate"
"1",12,"McNeese","Slnd",12.3685959629377,12.5188,102.543025184234,90.174429221296,0.142979,0.350277,0.246135,0.349664,114.274,101.755,50.9573,38.3479,48.948,42.1411
"2",3,"Gonzaga","WCC",12.1267074838972,28.182,103.173908809838,91.0472013259412,0.136792,0.348018,0.204974,0.258842,122.019,93.8372,56.262,31.1185,46.1902,30.9511
"3",2,"Iowa St.","B12",11.9242930670303,32.371,101.775557658608,89.8512645915774,0.150557,0.353199,0.223894,0.281139,123.77,91.399,56.4697,33.9844,49.5166,27.8733
"4",2,"Houston","B12",11.8060748760061,33.3633,104.433059026893,92.6269841508865,0.130487,0.358382,0.210405,0.308547,124.81,91.4469,52.1211,26.9304,46.5896,39.0643
"5",12,"High Point","BSth",10.6703562018001,8.3953,102.606350860208,91.935994658408,0.130399,0.320721,0.219287,0.31656,116.997,108.602,54.718,42.9099,50.0565,36.3842
"6",1,"Duke","ACC",9.08376344063591,38.847,102.324835010918,93.2410715702825,0.156928,0.380952,0.181475,0.248013,127.91,89.0632,56.7724,37.7644,46.1793,23.7392
"7",5,"St. John's","BE",8.2014852586594,25.8805,102.460300700328,94.2588154416688,0.147338,0.359451,0.193974,0.302008,120.015,94.1347,51.0033,41.9016,47.358,31.7531
"8",9,"Iowa","B10",7.6430797885797,22.4388,99.0727669698039,91.4296871812242,0.152371,0.300931,0.209986,0.280423,121.706,99.2667,56.556,34.4963,52.6769,39.1385
"9",7,"Miami FL","ACC",7.5255355178646,20.6393,101.212353683937,93.6868181660729,0.161705,0.369625,0.183557,0.262923,121.304,100.665,55.6203,37.4684,51.7396,29.0459
"10",1,"Florida","SEC",7.35024834284451,33.7551,103.735210026254,96.3849616834096,0.164767,0.431357,0.153894,0.248056,125.501,91.7463,53.5546,39.0772,46.2963,34.0247
"11",10,"Santa Clara","WCC",7.34016874301379,19.5145,101.738333412267,94.3981646692535,0.156367,0.367121,0.200795,0.322907,123.659,104.145,54.6222,25.7626,51.7769,38.327
"12",11,"South Florida","Amer",7.32432276676249,16.3738,102.9443124045,95.6199896377375,0.152125,0.38172,0.188685,0.318325,117.32,100.946,50.9035,41.1317,48.3511,38.8128
"13",9,"TCU","B12",7.3060159697765,17.5286,100.775427781,93.4694118112235,0.15525,0.34396,0.196535,0.291139,115.316,97.7874,50.9,38.7,51.0156,30.3646
"14",14,"North Dakota St.","Sum",7.2965476575154,4.9393,100.295181888293,92.9986342307774,0.156016,0.335747,0.187313,0.257282,111.643,106.703,53.3596,30.6562,51.5367,29.1406
"15",2,"Purdue","B10",7.22819024563989,31.1701,104.10888232151,96.8806920758706,0.135207,0.363385,0.156142,0.263937,131.598,100.428,57.617,28.6055,52.2853,26.0171
"16",1,"Arizona","B12",7.12300027677941,37.6001,102.965306855443,95.842306578664,0.151553,0.380702,0.16716,0.268786,127.614,90.0139,55.0508,42.871,45.0211,27.7125
"17",6,"Tennessee","SEC",6.99675033261522,25.9706,103.798069753588,96.8013194209732,0.171461,0.450596,0.162999,0.279012,121.012,95.0419,51.5617,38.7209,47.7033,36.2196
"18",9,"Utah St.","MWC",6.59786852573241,20.8686,100.361746810293,93.7638782845604,0.153756,0.331492,0.205892,0.322183,122.184,101.315,56.5989,38.7063,49.5904,38.8859
"19",15,"Tennessee St.","OVC",6.4632973944032,-1.8343,99.8068007489294,93.3435033545262,0.165446,0.349251,0.200482,0.298569,109.051,110.885,50.1111,33.5,51.2369,41.6203
"20",5,"Vanderbilt","SEC",5.20790245147758,27.4598,101.846975921452,96.639073469974,0.133204,0.311911,0.17898,0.315617,126.748,99.2878,55.2758,38.1775,48.7701,40.9639
"21",8,"Georgia","SEC",5.1246452059646,20.4528,102.613075115943,97.4884299099782,0.142926,0.351602,0.184421,0.348178,124.689,104.236,54.6018,36.9576,50.1449,30.7729
"22",12,"Akron","MAC",5.01525813287859,12.7563,100.352775781748,95.337517648869,0.155322,0.335222,0.183403,0.29857,118.826,106.07,58.4623,29.0564,50.5676,30.289
"23",7,"UCLA","B10",4.96059579623369,21.6742,101.744977572475,96.7843817762412,0.133699,0.311009,0.181069,0.324132,123.688,102.013,53.9314,33.0645,50.4471,34.666
"24",8,"Clemson","ACC",4.90480550830819,19.1935,99.3235693345704,94.4187638262622,0.142237,0.281528,0.174786,0.256993,116.454,97.2602,52.6219,37.1264,48.9195,33.1172
"25",4,"Nebraska","B10",4.86684162158718,26.1648,98.2333172274304,93.3664756058432,0.143808,0.262617,0.191744,0.276577,118.501,92.3363,55.4406,27.1762,47.8016,24.8257
"26",11,"N.C. State","ACC",4.8310583963182,19.4554,100.670275765518,95.8392173691993,0.130635,0.281595,0.181717,0.305211,123.116,103.661,55.0121,35.0605,52.7075,36.9433
"27",7,"Saint Mary's","WCC",4.80421128914341,23.1515,101.051610379305,96.2473990901614,0.164787,0.374136,0.151662,0.239823,120.339,97.1872,53.0039,35.8787,46.6814,25.719
"28",3,"Michigan St.","B10",4.78212957864461,28.2984,100.787743815238,96.0056142365929,0.170885,0.384325,0.148131,0.226381,123.007,94.7089,53.6019,36.1793,48.5974,30.9131
"29",2,"Connecticut","BE",4.66723168704989,27.8562,99.8199061288455,95.1526744417956,0.168415,0.357143,0.180349,0.286796,121.976,94.1202,55.341,29.99,45.6569,40.1737
"30",8,"Villanova","BE",4.57777759285732,19.9678,100.334003892456,95.7562262995988,0.151083,0.324253,0.187343,0.317844,120.337,100.369,53.7134,31.2761,51.2793,28.9058
"31",4,"Arkansas","SEC",4.48379589642951,26.0083,103.55549850913,99.0717026127,0.122957,0.322165,0.157,0.312349,127.617,101.608,56.4849,36.3886,51.3569,31.3247
"32",10,"Texas A&M","SEC",4.26286145446579,18.6148,100.895116425696,96.6322549712306,0.145668,0.322607,0.182717,0.325062,119.684,101.07,54.1889,37.385,50.7549,35.5813
"33",16,"Howard","MEAC",3.86789534210089,-2.881,96.9081467276057,93.0402513855048,0.195353,0.364271,0.209752,0.316141,104.072,106.953,50.8017,44.0618,47.7924,38.4845
"34",3,"Illinois","B10",3.8327183821404,32.0965,105.600509782967,101.767791400826,0.132427,0.387156,0.116164,0.269934,131.141,99.0444,55.0655,32.9133,47.6285,20.6028
"35",6,"BYU","B12",3.81094256995429,23.2292,101.06655342021,97.2556108502559,0.153482,0.345649,0.164713,0.292937,125.398,102.169,54.6528,34.1521,51.1762,28.9006
"36",13,"Cal Baptist","WAC",3.731882218938,5.9133,99.24607147394,95.514189255002,0.181253,0.3782,0.171479,0.27242,107.85,101.937,48.5948,36.1267,46.4094,37.1383
"37",3,"Virginia","ACC",3.6217318140226,26.6821,101.872680932632,98.250949118609,0.159778,0.378698,0.15587,0.292213,122.545,95.8625,54.6427,33.0578,45.3257,33.0184
"38",11,"VCU","A10",3.51970430886551,17.4403,100.196249308728,96.6765449998621,0.151796,0.323129,0.172149,0.299111,119.926,102.486,54.078,43.7183,48.8523,33.0838
"39",11,"SMU","ACC",3.15256817398479,17.1984,101.051740724872,97.8991725508872,0.156792,0.35369,0.168376,0.315873,122.786,105.588,55.618,30.3839,51.6198,32.1105
"40",6,"Louisville","ACC",3.15123013927081,25.3085,99.0187425105515,95.8675123712807,0.163955,0.328647,0.166943,0.268791,123.925,98.6162,56.4484,33.4821,48.7525,33.4012
"41",10,"UCF","B12",2.8784099540462,14.9925,100.55464356645,97.6762336124034,0.157136,0.344049,0.158014,0.285329,120.394,105.402,52.826,30.8379,52.3723,35.245
"42",7,"Kentucky","SEC",2.74301450246648,21.4414,101.054343884217,98.3113293817505,0.150439,0.33777,0.158867,0.300885,120.48,99.039,53.1113,37.4818,48.7841,36.9727
"43",16,"Siena","MAAC",2.6352168046372,-2.1364,99.0388213701704,96.4036045655332,0.160022,0.319188,0.170964,0.290267,107.087,109.223,50.5579,34.2189,48.6118,27.2394
"44",14,"Penn","Ivy",2.61481591623379,1.3572,98.942412079993,96.3275961637592,0.15441,0.303207,0.177572,0.305274,107.336,105.979,50.3295,35.1708,51.72,27.4614
"45",5,"Wisconsin","B10",2.5573334188615,23.3911,101.594957914379,99.0376244955178,0.127961,0.294167,0.144798,0.281749,125.315,101.924,54.4634,31.9088,51.3304,30.479
"46",15,"Idaho","BSky",2.4302233935634,1.4482,98.7637952442358,96.3335718506724,0.150126,0.288947,0.151924,0.242259,108.748,107.3,51.8957,34.8078,50.3291,39.2211
"47",11,"Miami OH","MAC",2.19236229305511,9.298,98.1497689584851,95.95740666543,0.141977,0.256517,0.17194,0.283105,117.681,108.383,59.1115,40.0113,50.8681,30.6023
"48",1,"Michigan","B10",2.1754262290489,37.5828,99.8136960460144,97.6382698169655,0.167178,0.353832,0.154855,0.276799,126.578,88.995,58.0645,37.6833,44.7332,26.2645
"49",14,"Wright St.","Horz",2.15284586206019,2.0562,99.3108234839976,97.1579776219374,0.162847,0.332072,0.165103,0.291822,112.021,109.965,54.4212,37.9957,52.0844,33.5115
"50",12,"Northern Iowa","MVC",2.07108303619481,11.5746,96.01248979555,93.9414067593552,0.1455,0.220339,0.181414,0.263112,109.833,98.2587,54.1667,25.6989,47.2085,29.3377
"51",11,"Texas","SEC",1.90294278951301,19.123,101.570267550478,99.667324760965,0.15378,0.357009,0.132975,0.266546,124.121,104.998,53.8191,46.3164,50.9429,40.3556
"52",13,"Troy","SB",1.35198277610979,1.7877,99.2049539569378,97.852971180828,0.169878,0.347709,0.168955,0.316344,110.723,108.935,51.8827,36.3098,50.0798,32.1448
"53",14,"Kennesaw St.","CUSA",1.1813431905187,0.6369,99.831276312643,98.6499331221243,0.16737,0.354701,0.160693,0.312609,110.595,109.958,50.7192,45.1252,48.5014,47.4659
"54",6,"North Carolina","ACC",1.1084251124328,20.7912,101.100435789731,99.9920106772986,0.140383,0.313922,0.136294,0.281121,121.323,100.532,54.5646,37.4142,48.1674,23.8237
"55",13,"Hofstra","CAA",0.708238087637696,9.5386,100.259120584694,99.5508824970566,0.161501,0.348837,0.150101,0.305394,114.565,105.026,51.4722,32.4946,45.883,35.3738
"56",16,"UMBC","AE",0.674904571760507,-1.8966,97.9547791887856,97.2798746170251,0.140508,0.248988,0.150613,0.258993,108.777,110.674,54.1166,34.0766,49.3716,25.6831
"57",8,"Ohio St.","B10",0.664685018680586,22.2349,99.0665504116426,98.401865392962,0.154854,0.306921,0.157555,0.299556,124.27,102.035,56.5135,37.7838,50.3696,35.1109
"58",16,"LIU","NEC",0.658729047967299,-3.9572,96.5665973870894,95.9078683391221,0.190091,0.342806,0.189231,0.326069,105.609,109.567,53.2973,34.7244,49.7963,34.1141
"59",13,"Hawaii","BW",0.657570940969492,5.8571,95.342791233508,94.6852202925385,0.189372,0.31401,0.169245,0.249107,107.056,101.199,51.9759,42.4399,46.4206,36.0738
"60",9,"Saint Louis","A10",0.425070396859681,18.5735,97.0073173546715,96.5822469578118,0.174215,0.311459,0.161182,0.269891,119.52,100.946,59.7478,34.6821,44.7599,37.1709
"61",16,"Prairie View A&M","SWAC",0.346533828173605,-9.8763,96.7895800243136,96.44304619614,0.159584,0.270386,0.192616,0.346725,101.152,111.028,47.9398,42.1025,50.1321,43.2118
"62",10,"Missouri","SEC",0.249291798529896,15.3825,98.3747442790112,98.1254524804813,0.179642,0.355024,0.165579,0.313673,119.463,104.081,55.3483,42.4575,51.4454,35.0642
"63",5,"Texas Tech","B12",0.161724286215005,25.173,99.8539835115788,99.6922592253638,0.158531,0.332732,0.147077,0.300946,124.986,99.8126,56.1956,27.0865,49.4283,31.6008
"64",4,"Alabama","SEC",-0.894818938434085,25.6706,102.524432595306,103.41925153374,0.130135,0.318404,0.126393,0.327663,128.978,103.308,55.3843,37.1917,49.1837,32.6531
"65",15,"Queens","ASun",-0.983016100037588,-1.4221,99.7015674494172,100.684583549455,0.148372,0.304309,0.150497,0.330156,115.74,117.162,56.5948,36.3089,53.9742,38.7481
"66",4,"Kansas","B12",-2.11635140891441,24.3974,98.4595979189256,100.57594932784,0.155128,0.294793,0.139704,0.3014,118.302,93.9044,51.5657,32.5975,45.2347,27.682
"67",15,"Furman","SC",-3.2369413523322,-1.937,96.42627880566,99.6632201579922,0.17842,0.30957,0.136693,0.275286,107.455,109.392,54.793,32.1044,50.1078,28.9332
"68",16,"Lehigh","PL",-5.567295749081,-11.1371,93.0368799102678,98.6041756593488,0.176827,0.232126,0.161834,0.314488,101.858,112.995,52.9092,31.8108,50.5882,32.4808
