"team","conference","fpi","fpi_rank","fpi_pctile","sp_plus","sp_rank","sp_pctile","fei","fei_rank","fei_pctile","avg_pctile"
"Ohio State","Big Ten",28.7,1,100,31.8,1,100,1.52,1,100,100
"Oregon","Big Ten",25.3,4,97.8,28.3,2,99.3,1.4,2,99.3,98.8
"Notre Dame","FBS Independents",25.9,3,98.5,25.8,3,98.5,1.29,4,97.8,98.3
"Georgia","SEC",24.8,5,97.1,25.5,4,97.8,1.34,3,98.5,97.8
"Indiana","Big Ten",23.1,6,96.4,24.5,5,97.1,1.14,5,97.1,96.9
"Texas","SEC",26.9,2,99.3,23.7,6,96.4,0.88,13,91.2,95.6
"Alabama","SEC",20.1,8,94.9,18.2,11,92.7,1.07,6,96.4,94.7
"Miami","ACC",21.8,7,95.6,21,8,94.9,0.88,12,91.2,93.9
"Texas Tech","Big 12",20,10,92.7,23.1,7,95.6,0.89,9,92.7,93.7
"Texas A&M","SEC",20,11,92.7,20.3,9,94.2,0.85,14,90.5,92.5
"Ole Miss","SEC",16,14,90.5,15.9,16,89.1,0.93,8,94.9,91.5
"Oklahoma","SEC",17.8,12,92,17.2,12,92,0.8,15,89.1,91
"Michigan","Big Ten",15.9,15,89.8,16.1,14,90.5,0.89,10,92.7,91
"USC","Big Ten",17,13,91.2,16.8,13,91.2,0.79,17,88.3,90.2
"LSU","SEC",20,9,92.7,20.2,10,93.4,0.55,24,83.2,89.8
"Penn State","Big Ten",13.7,17,88.3,15.7,17,88.3,0.89,11,92.7,89.8
"Tennessee","SEC",15.1,16,89.1,16,15,89.8,0.8,16,89.1,89.3
"BYU","Big 12",13.1,20,86.1,15.5,18,87.6,0.61,20,86.1,86.6
"Utah","Big 12",8.5,31,78.1,11.9,25,82.5,0.97,7,95.6,85.4
"Missouri","SEC",12.2,21,85.4,14.8,20,86.1,0.56,23,83.9,85.1
"Washington","Big Ten",9.9,26,81.8,14.5,21,85.4,0.78,18,87.6,84.9
"Iowa","Big Ten",10.6,25,82.5,13.6,22,84.7,0.74,19,86.9,84.7
"Clemson","ACC",13.4,19,86.9,12.8,23,83.9,0.47,29,79.6,83.5
"Florida","SEC",13.6,18,87.6,14.9,19,86.9,0.36,35,75.2,83.2
"Auburn","SEC",12,22,84.7,11.2,26,81.8,0.51,26,81.8,82.8
"South Carolina","SEC",11.7,23,83.9,12.1,24,83.2,0.43,32,76.6,81.2
"Louisville","ACC",9.5,27,81,11,27,81,0.5,27,81,81
"SMU","ACC",11.1,24,83.2,10.9,28,80.3,0.44,30,78.8,80.8
"Vanderbilt","SEC",9,29,79.6,10,31,78.1,0.59,22,84.7,80.8
"Kansas State","Big 12",5.1,41,70.8,10.4,29,79.6,0.6,21,85.4,78.6
"Florida State","ACC",9.3,28,80.3,8.8,35,75.2,0.47,28,79.6,78.4
"Illinois","Big Ten",6.3,39,72.3,9.3,33,76.6,0.52,25,82.5,77.1
"Arizona","Big 12",7.2,34,75.9,10.2,30,78.8,0.38,34,75.9,76.9
"TCU","Big 12",6.4,38,73,9.1,34,75.9,0.43,31,76.6,75.2
"Nebraska","Big Ten",8.8,30,78.8,7.7,37,73.7,0.25,44,68.6,73.7
"Pittsburgh","ACC",6.6,36,74.5,6.5,41,70.8,0.33,36,73.7,73
"Virginia","ACC",7.9,32,77.4,6.6,40,71.5,0.22,47,65.7,71.5
"Houston","Big 12",7.1,35,75.2,8.2,36,74.5,0.13,56,59.9,69.9
"Arizona State","Big 12",4.8,44,68.6,6.4,42,70.1,0.26,43,69.3,69.3
"Arkansas","SEC",4.4,47,66.4,5,47,66.4,0.28,39,71.5,68.1
"NC State","ACC",3.7,51,63.5,4.9,48,65.7,0.33,37,73.7,67.6
"Kentucky","SEC",5.4,40,71.5,3.8,53,60.6,0.27,42,70.1,67.4
"Baylor","Big 12",6.5,37,73.7,4.5,51,63.5,0.2,49,63.5,66.9
"Virginia Tech","ACC",7.4,33,76.6,9.4,32,77.4,-0.08,75,46,66.7
"Georgia Tech","ACC",4.2,48,65.7,6,43,69.3,0.2,50,63.5,66.2
"Boise State","Pac-12",4,50,64.2,6.8,39,72.3,0.19,53,62,66.2
"Cincinnati","Big 12",4.4,46,66.4,4.5,50,63.5,0.24,45,67.9,65.9
"Wisconsin","Big Ten",4.8,43,68.6,1.8,61,55.5,0.27,41,70.1,64.7
"Mississippi State","SEC",4.1,49,65,3.9,52,62.8,0.22,48,65.7,64.5
"Duke","ACC",3.5,52,62.8,5.7,44,68.6,0.17,54,61.3,64.2
"Kansas","Big 12",2.8,55,60.6,3.7,57,59.1,0.28,40,71.5,63.7
"Minnesota","Big Ten",0.6,63,54.7,5.2,45,67.9,0.2,51,63.5,62
"Wake Forest","ACC",3.4,53,62,3.6,58,58.4,0.19,52,62,60.8
"Northwestern","Big Ten",1.4,60,56.9,4.6,49,65,0.09,58,58.4,60.1
"UCLA","Big Ten",0.5,64,54,5.1,46,67.2,0.08,60,56.9,59.4
"Iowa State","Big 12",-0.9,72,47.4,1,64,54,0.43,33,76.6,59.3
"Maryland","Big Ten",1,61,56.2,3.8,55,60.6,0.08,59,56.9,57.9
"Oklahoma State","Big 12",3.3,54,61.3,7.1,38,73,-0.25,84,38.7,57.7
"North Carolina","ACC",4.9,42,70.1,3.8,54,60.6,-0.23,81,40.9,57.2
"UCF","Big 12",2.1,57,59.1,2.3,60,56.9,0.04,64,53.3,56.4
"Colorado","Big 12",4.5,45,67.9,0.9,65,53.3,-0.15,79,43.1,54.8
"James Madison","Sun Belt",-2,75,46,-2.1,77,44.5,0.29,38,73,54.5
"California","ACC",0.9,62,55.5,3.7,56,59.1,-0.07,73,46.7,53.8
"UNLV","Mountain West",1.8,58,58.4,2.8,59,57.7,-0.12,77,44.5,53.5
"Rutgers","Big Ten",-0.2,67,51.8,1.8,62,55.5,0.01,67,51.8,53
"Tulane","American Athletic",2.3,56,59.9,-5.5,87,37.2,0.14,55,60.6,52.6
"Navy","American Athletic",-0.7,69,50.4,1.1,63,54.7,0.03,66,52.6,52.6
"Michigan State","Big Ten",0.3,65,53.3,0.4,67,51.8,-0.02,68,49.6,51.6
"San Diego State","Pac-12",1.4,59,56.9,-1.3,71,48.9,-0.06,72,48.2,51.3
"West Virginia","Big 12",0.2,66,52.6,0.8,66,52.6,-0.07,74,46.7,50.6
"Memphis","American Athletic",-1.9,74,46.7,-1.1,70,49.6,0.05,63,54.7,50.3
"East Carolina","American Athletic",-0.6,68,51.1,-2,76,45.3,0.04,65,53.3,49.9
"South Florida","American Athletic",-0.9,73,47.4,-2.8,80,42.3,0.1,57,59.1,49.6
"Washington State","Pac-12",-4.1,83,40.1,-5.3,85,38,0.23,46,67.2,48.4
"Syracuse","ACC",-0.8,70,49.6,-0.7,69,50.4,-0.26,86,38,46
"Purdue","Big Ten",-0.9,71,47.4,-2.9,82,40.9,-0.1,76,45.3,44.5
"Boston College","ACC",-2.7,78,43.8,-1.5,74,46.7,-0.22,80,42.3,44.3
"UTSA","American Athletic",-5.3,88,36.5,-1.5,73,46.7,-0.02,70,49.6,44.3
"Fresno State","Pac-12",-2.5,77,44.5,-2.3,78,43.8,-0.14,78,43.8,44
"Stanford","ACC",-3.3,80,42.3,-1.9,75,46,-0.24,83,40.1,42.8
"Army","American Athletic",-5.6,89,35.8,-3,83,40.1,-0.02,69,49.6,41.8
"Old Dominion","Sun Belt",-4.4,85,38.7,-5.8,88,36.5,-0.03,71,48.9,41.4
"New Mexico","Mountain West",-3.5,81,41.6,-0.5,68,51.1,-0.37,96,30.7,41.1
"Toledo","Mid-American",-3,79,43.1,-11.5,108,21.9,0.07,61,55.5,40.2
"Air Force","Mountain West",-6.8,93,32.8,-2.4,79,43.1,-0.23,82,40.9,38.9
"Hawai'i","Mountain West",-2.4,76,45.3,-3.9,84,39.4,-0.37,94,30.7,38.5
"North Texas","American Athletic",-6.4,90,35,-11.8,109,21.2,0.07,62,55.5,37.2
"Western Michigan","Mid-American",-4,82,40.9,-7.2,95,31.4,-0.25,85,38.7,37
"Texas State","Pac-12",-4.3,84,39.4,-5.9,89,35.8,-0.28,88,35.8,37
"Western Kentucky","Conference USA",-4.9,86,38,-5.3,86,38,-0.3,91,34.3,36.8
"Miami (OH)","Mid-American",-7,94,32.1,-2.9,81,40.9,-0.32,92,33.6,35.5
"Troy","Sun Belt",-7.4,95,31.4,-6,90,35,-0.36,93,32.8,33.1
"Utah State","Pac-12",-6.7,92,33.6,-7.7,97,29.2,-0.28,89,35.8,32.9
"Oregon State","Pac-12",-8.1,98,29.2,-6.3,91,34.3,-0.37,95,30.7,31.4
"Liberty","Conference USA",-7.7,96,30.7,-6.4,93,32.8,-0.41,97,29.9,31.1
"Marshall","Sun Belt",-8.8,104,24.8,-6.4,92,32.8,-0.3,90,34.3,30.6
"Jacksonville State","Conference USA",-8.5,101,27,-7.7,98,29.2,-0.49,100,27.7,28
"Ohio","Mid-American",-8,97,29.9,-13.6,117,15.3,-0.28,87,35.8,27
"Louisiana","Sun Belt",-8.3,99,27.7,-9.1,104,24.8,-0.46,98,28.5,27
"North Dakota State","Mountain West",-8.3,100,27.7,-1.4,72,48.2,-1,131,4.4,26.8
"Louisiana Tech","Sun Belt",-9.6,108,21.9,-8.3,100,27.7,-0.51,102,26.3,25.3
"Georgia Southern","Sun Belt",-8.7,103,25.5,-8.9,103,25.5,-0.6,107,21.9,24.3
"Temple","American Athletic",-8.6,102,26.3,-8.7,102,26.3,-0.64,113,18.2,23.6
"Tulsa","American Athletic",-9,105,23.4,-7.6,96,30.7,-0.66,115,16.8,23.6
"UConn","FBS Independents",-11.2,114,17.5,-11.2,107,22.6,-0.46,99,28.5,22.9
"Kennesaw State","Conference USA",-9,106,23.4,-9.3,105,24.1,-0.61,110,20.4,22.6
"Arkansas State","Sun Belt",-9.2,107,22.6,-8.5,101,27,-0.64,112,18.2,22.6
"Florida Atlantic","American Athletic",-11.3,115,16.8,-7.1,94,32.1,-0.65,114,17.5,22.1
"App State","Sun Belt",-9.8,109,21.2,-12.1,111,19.7,-0.52,103,24.8,21.9
"Colorado State","Pac-12",-12.4,118,14.6,-8.3,99,27.7,-0.61,109,20.4,20.9
"Wyoming","Mountain West",-13.1,121,12.4,-9.6,106,23.4,-0.5,101,27,20.9
"Delaware","Conference USA",-6.6,91,34.3,-13,114,17.5,-0.8,124,10.2,20.7
"South Alabama","Sun Belt",-10.5,112,19,-13.3,116,16.1,-0.52,104,24.8,20
"Southern Miss","Sun Belt",-5.1,87,37.2,-23.3,131,5.1,-0.69,117,15.3,19.2
"Coastal Carolina","Sun Belt",-12.1,117,15.3,-13.8,119,13.9,-0.58,106,23.4,17.5
"Buffalo","Mid-American",-10.8,113,18.2,-11.9,110,20.4,-0.72,120,13.1,17.2
"Missouri State","Conference USA",-10.3,110,20.4,-18.7,126,8.8,-0.6,108,21.9,17
"Central Michigan","Mid-American",-12.8,120,13.1,-12.4,113,18.2,-0.64,111,18.2,16.5
"Nevada","Mountain West",-11.9,116,16.1,-12.2,112,19,-0.77,121,12.4,15.8
"San José State","Mountain West",-14.3,124,10.2,-15.5,122,11.7,-0.53,105,24.1,15.3
"Bowling Green","Mid-American",-13.7,123,10.9,-13.3,115,16.1,-0.71,119,13.9,13.6
"Florida International","Conference USA",-12.6,119,13.9,-13.7,118,14.6,-0.83,125,9.5,12.7
"Northern Illinois","Mountain West",-14.5,125,9.5,-18.2,125,9.5,-0.68,116,16.1,11.7
"Rice","American Athletic",-13.4,122,11.7,-14.7,120,13.1,-0.85,126,8.8,11.2
"UAB","American Athletic",-15.5,128,7.3,-18.1,124,10.2,-0.7,118,14.6,10.7
"Sacramento State","Mid-American",-10.4,111,19.7,-22.7,130,5.8,-1,132,4.4,10
"Eastern Michigan","Mid-American",-16.3,131,5.1,-15,121,12.4,-0.8,123,10.2,9.2
"New Mexico State","Conference USA",-15.7,129,6.6,-16.4,123,10.9,-0.89,129,6.6,8
"Georgia State","Sun Belt",-15.2,127,8,-25.1,133,3.6,-0.79,122,11.7,7.8
"UTEP","Mountain West",-16.6,132,4.4,-20.5,129,6.6,-0.89,128,6.6,5.9
"Middle Tennessee","Conference USA",-16.1,130,5.8,-26,135,2.2,-0.86,127,8,5.3
"Akron","Mid-American",-16.9,133,3.6,-19.5,127,8,-1.06,137,0.7,4.1
"Ball State","Mid-American",-17.3,134,2.9,-25.2,134,2.9,-0.95,130,5.8,3.9
"Kent State","Mid-American",-17.9,135,2.2,-20.1,128,7.3,-1.06,135,0.7,3.4
"Charlotte","American Athletic",-14.6,126,8.8,-32.4,138,0,-1.06,136,0.7,3.2
"UL Monroe","Sun Belt",-19.3,138,0,-24.3,132,4.4,-1.02,133,2.9,2.4
"Sam Houston","Conference USA",-18.4,136,1.5,-26.3,136,1.5,-1.02,134,2.9,2
"Massachusetts","Mid-American",-18.8,137,0.7,-30.9,137,0.7,-1.54,138,0,0.5
