drive,clock,offense,total_plays,Own 0-9,Own 10-19,Own 20-29,Own 30-39,Own 40-49,Opp 40-49,Opp 30-39,Opp 20-29,Opp 10-19,Opp 0-10,points
1,59:55,Texas,1,0,0,1,0,0,0,0,0,0,0,0
2,59:49,Ohio State,5,0,0,0,0,0,0,0,0,2,3,3
3,57:04,Texas,4,0,0,1,3,0,0,0,0,0,0,0
4,55:15,Ohio State,10,0,1,0,0,3,0,1,1,2,2,7
5,50:39,Texas,3,0,0,2,1,0,0,0,0,0,0,0
6,48:57,Ohio State,10,0,0,0,0,0,3,2,3,2,0,0
7,43:23,Texas,15,0,2,1,2,1,1,2,3,3,0,3
8,35:42,Ohio State,8,0,0,2,0,0,0,1,3,2,0,3
9,31:41,Texas,7,0,0,1,2,0,4,0,0,0,0,0
10,30:49,Ohio State,4,0,0,0,0,0,2,1,0,1,0,7
11,30:05,Texas,1,0,0,1,0,0,0,0,0,0,0,0
12,30:00,Ohio State,6,0,0,1,1,1,3,0,0,0,0,0
13,26:55,Texas,4,0,1,1,2,0,0,0,0,0,0,0
14,25:00,Ohio State,6,0,0,3,0,0,0,0,3,0,0,3
15,23:09,Texas,3,0,0,3,0,0,0,0,0,0,0,0
16,21:52,Ohio State,3,0,0,0,3,0,0,0,0,0,0,0
17,20:47,Texas,15,1,1,1,1,4,1,0,3,1,2,7
18,14:19,Ohio State,3,0,0,2,1,0,0,0,0,0,0,0
19,12:46,Texas,13,0,0,1,3,1,2,2,0,2,2,7
20,7:14,Ohio State,6,0,0,2,0,0,1,1,2,0,0,0
21,4:16,Texas,12,0,0,2,0,1,1,3,1,1,3,7
22,0:25,Ohio State,2,0,1,1,0,0,0,0,0,0,0,0
