"win_team","win_score","lose_score","lose_team","game_date"
"UCLA",54,3,"Maryland",2026-09-26
"Florida",52,28,"Ole Miss",2026-09-26
"Notre Dame",49,10,"Purdue",2026-09-26
"Alabama",49,18,"South Carolina",2026-09-26
"Ohio State",42,19,"Illinois",2026-09-26
"Georgia",41,13,"Oklahoma",2026-09-26
"Oklahoma State",41,24,"West Virginia",2026-09-26
"Oregon",41,27,"USC",2026-09-26
"LSU",35,6,"Texas A&M",2026-09-26
"Stanford",34,27,"Georgia Tech",2026-09-27
"Nebraska",31,13,"Michigan State",2026-09-26
"Utah",31,17,"Iowa State",2026-09-26
"Mississippi State",31,24,"Missouri",2026-09-26
"Cincinnati",31,26,"Kansas State",2026-09-26
"Wake Forest",30,27,"Louisville",2026-09-26
"Indiana",29,23,"Northwestern",2026-09-26
"Minnesota",27,24,"Washington",2026-09-27
"Clemson",24,10,"California",2026-09-26
"Wisconsin",24,20,"Penn State",2026-09-26
"Baylor",23,13,"Colorado",2026-09-26
"UCF",21,13,"TCU",2026-09-26
"Virginia Tech",21,14,"Boston College",2026-09-26
"Auburn",21,15,"Vanderbilt",2026-09-26
"Texas",20,17,"Tennessee",2026-09-26
"Iowa",20,19,"Michigan",2026-09-26
