season,week,season_type,game_date,team,opponent,home,neutral_site,conference_game,overtime,total_ots,pf,pa
2025,1,regular,2025-09-01,North Carolina,TCU,TRUE,FALSE,FALSE,FALSE,0,14,48
2025,2,regular,2025-09-06,North Carolina,Charlotte,FALSE,FALSE,FALSE,FALSE,0,20,3
2025,4,regular,2025-09-20,North Carolina,UCF,FALSE,FALSE,FALSE,FALSE,0,9,34
2025,6,regular,2025-10-04,North Carolina,Clemson,TRUE,FALSE,TRUE,FALSE,0,10,38
2025,8,regular,2025-10-17,North Carolina,California,FALSE,FALSE,TRUE,FALSE,0,18,21
2025,9,regular,2025-10-25,North Carolina,Virginia,TRUE,FALSE,TRUE,TRUE,1,16,17
2025,10,regular,2025-10-31,North Carolina,Syracuse,FALSE,FALSE,TRUE,FALSE,0,27,10
2025,11,regular,2025-11-08,North Carolina,Stanford,TRUE,FALSE,TRUE,FALSE,0,20,15
2025,12,regular,2025-11-15,North Carolina,Wake Forest,FALSE,FALSE,TRUE,FALSE,0,12,28
2025,13,regular,2025-11-22,North Carolina,Duke,TRUE,FALSE,TRUE,FALSE,0,25,32
2025,14,regular,2025-11-29,North Carolina,NC State,FALSE,FALSE,TRUE,FALSE,0,19,42
2026,0,regular,2026-08-29,North Carolina,TCU,FALSE,TRUE,FALSE,FALSE,0,15,10
2026,3,regular,2026-09-19,North Carolina,Clemson,FALSE,FALSE,TRUE,FALSE,0,20,28
2026,5,regular,2026-10-03,North Carolina,Notre Dame,TRUE,FALSE,FALSE,FALSE,0,26,37
2025,1,regular,2025-08-31,South Carolina,Virginia Tech,TRUE,TRUE,FALSE,FALSE,0,24,11
2025,3,regular,2025-09-13,South Carolina,Vanderbilt,TRUE,FALSE,TRUE,FALSE,0,7,31
2025,4,regular,2025-09-20,South Carolina,Missouri,FALSE,FALSE,TRUE,FALSE,0,20,29
2025,5,regular,2025-09-27,South Carolina,Kentucky,TRUE,FALSE,TRUE,FALSE,0,35,13
2025,7,regular,2025-10-11,South Carolina,LSU,FALSE,FALSE,TRUE,FALSE,0,10,20
2025,8,regular,2025-10-18,South Carolina,Oklahoma,TRUE,FALSE,TRUE,FALSE,0,7,26
2025,9,regular,2025-10-25,South Carolina,Alabama,TRUE,FALSE,TRUE,FALSE,0,22,29
2025,10,regular,2025-11-01,South Carolina,Ole Miss,FALSE,FALSE,TRUE,FALSE,0,14,30
2025,12,regular,2025-11-15,South Carolina,Texas A&M,FALSE,FALSE,TRUE,FALSE,0,30,31
2025,13,regular,2025-11-22,South Carolina,Coastal Carolina,TRUE,FALSE,FALSE,FALSE,0,51,7
2025,14,regular,2025-11-29,South Carolina,Clemson,TRUE,FALSE,FALSE,FALSE,0,14,28
2026,1,regular,2026-09-05,South Carolina,Kent State,TRUE,FALSE,FALSE,FALSE,0,57,0
2026,3,regular,2026-09-19,South Carolina,Mississippi State,TRUE,FALSE,TRUE,FALSE,0,34,41
2026,4,regular,2026-09-26,South Carolina,Alabama,FALSE,FALSE,TRUE,FALSE,0,18,49
2026,5,regular,2026-10-03,South Carolina,Kentucky,TRUE,FALSE,TRUE,TRUE,1,34,35
